company,phone,website,city,state,email,reviews,rating,maps_url,market
The New Roof,+1 470-444-1018,https://thenewroof.com/,Atlanta,GA,newroofcrew@gmail.com,73,5,https://www.google.com/maps?cid=15077328348492210736,Atlanta
Roof It Pros,+1 512-337-3456,https://roofitpros.com/,Austin,TX,info@roofitpros.com,66,5,https://www.google.com/maps?cid=1492083370034158566,Austin
Roofing and Gutters Viktor Posnov,+1 513-304-9453,https://cincyroofing.us/,Cincinnati,OH,viktorposnov@gmail.com,111,5,https://www.google.com/maps?cid=9700446597088984837,Cincinnati
ECO Roof and Solar,+17193576571,https://www.ecoroofandsolar.com/,Denver,CO,billing@ecoroofandsolar.com,139,4.3,https://www.google.com/maps?cid=7006823590578802502,Denver
Neligan Construction & Roofing,+1 904-247-3777,https://www.neliganconstruction.net/,Jacksonville Beach,FL,neliganconstruction@gmail.com,139,4.9,https://www.google.com/maps?cid=3975760336643314796,Jacksonville
No Limit Roofing,+1 901-590-0058,https://www.nolimitroofingmemphis.com/,Memphis,TN,midsouthnolimitroofing@gmail.com,167,4.9,https://www.google.com/maps?cid=3460931030040897214,Memphis
JK Contractors,+1 414-333-5991,http://jkcontractorsinc.com/,Milwaukee,WI,jkcontractors14@gmail.com,129,4.4,https://www.google.com/maps?cid=17751897895135979867,Milwaukee
Roof Repair PHD,+1 612-418-4240,https://roofrepairphd.com/,Minneapolis,MN,roofrepairphd@gmail.com,48,5,https://www.google.com/maps?cid=18040947368546163432,Minneapolis
Phoenix Roofing Replacement Pros,+1 602-497-0225,https://roofreplacementphoenixaz.com/,Phoenix,AZ,phoenixroofreplacementpros@gmail.com,79,5,https://www.google.com/maps?cid=6469467296058030461,Phoenix
Apolinar Roofing,+1 412-513-7257,http://www.apolinarroofing.com/,Pittsburgh,PA,Apolinarroofing@gmail.com,180,5,https://www.google.com/maps?cid=15722406009339198969,Pittsburgh
Georgia Roofing & Repair,+1 770-639-7663,https://www.garoofingandrepair.com/,Atlanta,GA,info@garoofingandrepair.com,159,4.9,https://www.google.com/maps?cid=6388699340071065181,Atlanta
Fiducia Roofing & Restoration,+1 512-524-7085,https://fiduciarestoration.com/,Austin,TX,infoweb@fiduciarestoration.com,57,5,https://www.google.com/maps?cid=8669130862920564736,Austin
DB Dependable Roofing LlC,+1 513-780-4887,https://dbdependableroofing.com/,Cincinnati,OH,dvdependableroofing@gmail.com,70,4.9,https://www.google.com/maps?cid=1452564229785448394,Cincinnati
McIntire Roofing,+1 303-962-7599,https://www.mcintireroofing.com/,Denver,CO,Dustin@mcintireroofing.com,111,5,https://www.google.com/maps?cid=13284716831488809602,Denver
Kingdom's Contracting and Roofing,813-953-6796,https://kingdomscontracting.com/,Jacksonville,FL,kingdomscontracting@gmail.com,38,5,https://www.google.com/maps?cid=14556680074231725581,Jacksonville
James Russell Roofing & Restorations,+19014441231,https://jamesrussellroofing.com/,Memphis,TN,jrmidsouthroofing@gmail.com,117,4.9,https://www.google.com/maps?cid=11987554867192188769,Memphis
Roofed Right America LLC,+1 414-769-0100,https://www.roofedright.com/wi/milwaukee?utm_source=google&utm_medium=organic&utm_campaign=gbp_clifton,Milwaukee,WI,info@roofedright.com,116,4.8,https://www.google.com/maps?cid=5096769061771463029,Milwaukee
Nokomis Roofing Company,+1 612-221-4736,http://www.nokomisroofing.com/,Minneapolis,MN,4cornerscleanup@gmail.com,52,4.7,https://www.google.com/maps?cid=8685256349586553152,Minneapolis
Gleason Roofing,+1 480-338-6644,https://www.gleasonroofing.com/?gclid=CjwKCAjwt7SWBhAnEiwAx8ZLaoY_0nUy0O1nGlYxWWpDrmONPTXVP6gGEUCuUZJxSsUaJt7H4fLumxoCy5oQAvD_BwE,Phoenix,AZ,20info@gleasonroofing.com,99,4.7,https://www.google.com/maps?cid=7950751510576602591,Phoenix
Rabbit Roofing LLC,+1 412-512-4610,https://www.rabbitroofingcompany.com/,Pittsburgh,PA,rabbitroofingpa@gmail.com,161,5,https://www.google.com/maps?cid=10504344625545382097,Pittsburgh
Emergency Roofing Solutions,+1 404-474-4222,https://emergencyroofingsolutions.com/,Atlanta,GA,info@emergencyroofingsolutions.com,225,4.9,https://www.google.com/maps?cid=7748578779828040104,Atlanta
Big Texas Roofing and Solar,+1 512-781-0973,https://www.bigtexasroof.com/,Austin,TX,office@bigtexasroof.com,56,4.7,https://www.google.com/maps?cid=10785994977494150182,Austin
Champion Roofing Services,+1 513-822-5400,https://champroofingservices.com/,Cincinnati,OH,HARANWATSON@YAHOO.COM,47,4.8,https://www.google.com/maps?cid=5350852244678810863,Cincinnati
Jenesis Roofing,+1 303-789-1505,https://jenesisroofing.com/,Denver,CO,sales@jenesisroofing.com,72,4.7,https://www.google.com/maps?cid=9330745071779834584,Denver
Model City Roofing,813-538-0008,https://www.modelcityroofing.com/locations/jacksonville-fl?utm_source=google&utm_medium=gbp&utm_campaign=gbp_jacksonville,Jacksonville,FL,contact@modelcityroofing.com,248,4.9,https://www.google.com/maps?cid=6638683214921140864,Jacksonville
Elite Roofing Solutions,+1 901-435-6250,https://www.ersmidsouth.com/,Memphis,TN,info@ersmidsouth.com,250,5,https://www.google.com/maps?cid=15751953093487903163,Memphis
Community Roofing & Restoration,+14143321139,https://www.communityroofingandrestoration.com/?utm_campaign=gmb&utm_source=gmb,Milwaukee,WI,amber@communityroofing.com,276,4.8,https://www.google.com/maps?cid=4651677187015431840,Milwaukee
Central Roofing Company,+1 763-572-0660,https://www.centralroofing.com/,Minneapolis,MN,info@centralroofing.com,59,4.5,https://www.google.com/maps?cid=1111272801552340184,Minneapolis
BSquared Roofing,+1 480-370-7770,https://www.bsquaredroofing.com/,Phoenix,AZ,brendan@bsquaredroofing.com,76,5,https://www.google.com/maps?cid=6378580818360059749,Phoenix
A Plus Roofing & Exteriors,+1 412-515-5466,http://aplusroofingexteriors.com/,Pittsburgh,PA,aplusroofingexteriors@gmail.com,129,5,https://www.google.com/maps?cid=2059737456889605876,Pittsburgh
Bumble Roofing of North Atlanta,+1 470-354-3188,https://bumbleroofing.com/north-atlanta?utm_source=google&utm_medium=organic&utm_campaign=gbp,Atlanta,GA,info@bumbleroofing.com,96,5,https://www.google.com/maps?cid=8270493323677871504,Atlanta
Ace Roofing Company,512-601-4058,https://aceroofingtexas.com/,Austin,TX,info@aceroofingtexas.com,307,4.8,https://www.google.com/maps?cid=11722281750670515523,Austin
Hader Solutions Roofing,+1(513) 286-3553,https://haderhvac.com/,Cincinnati,OH,States513-661-1910bbarnes@hadersolutions.comhttp,110,4.8,https://www.google.com/maps?cid=2394269674366259362,Cincinnati
MTN Roofing,+1 720-808-3306,http://mtnroofing.com/,Denver,CO,office@mtnroofing.com,65,5,https://www.google.com/maps?cid=5783362118657675492,Denver
Total Home Roofing,+1 904-944-9515,https://www.throofing.com/jacksonville.html?utm_source=google&utm_medium=organic&utm_campaign=gmb-jacksonville&utm_content=website,Jacksonville,FL,cara@everyoneon.org,156,4.2,https://www.google.com/maps?cid=13562904851251117806,Jacksonville
Erie Home Roofing,+1 901-673-3054,https://eriehome.com/locations/roofing/memphis-tn/?utm_source=gbp&utm_medium=roofing&utm_campaign=Memphis,Memphis,TN,nat.smucker@eriehome.com,96,4.7,https://www.google.com/maps?cid=4562162750345760509,Memphis
Nexus Roofing & Construction,+1 414-441-4123,https://nexusdevelop.com/milwaukee/,Milwaukee,WI,matthew.e@contractorindependence.com,42,4.9,https://www.google.com/maps?cid=5044113919431968312,Milwaukee
GOLDLINE CONSTRUCTION,+1 651-212-0426,https://www.goldline-construction.com/,Minneapolis,MN,goldlinemn@gmail.com,57,5,https://www.google.com/maps?cid=17167909797158116922,Minneapolis
Stapleton Roofing,602-217-0994,https://www.stapletonroofing.com/,Phoenix,AZ,admin@stapletonroofing.com,52,4.6,https://www.google.com/maps?cid=14747592005813814276,Phoenix
Yinzer Roofing,+1 412-852-3628,http://yinzerroofing.com/,Pittsburgh,PA,yinzerroofing@gmail.com,73,5,https://www.google.com/maps?cid=15942563182076043758,Pittsburgh
Mosaic Roofing Company LLC,+1 404-260-3168,https://mosaicroofingcompany.com/,Atlanta,GA,info@mosaicroofingcompany.com,96,5,https://www.google.com/maps?cid=5564537335511302280,Atlanta
Wilson Roofing,+1 512-263-3157,https://www.wilsonroofing.com/,Austin,TX,info@wilsonroofing.com,272,4.7,https://www.google.com/maps?cid=6694049715524125024,Austin
Midwest Roofing Technicians,+1 513-987-6485,http://mwroof.co/,Cincinnati,OH,contact@mwroof.co,109,5,https://www.google.com/maps?cid=14291283965361628974,Cincinnati
Cox Roofing,+1 303-505-5574,https://coxroofingsystems.com/colorado/,Denver,CO,sales@coxres.com,44,4.8,https://www.google.com/maps?cid=17080755142373319929,Denver
Honest Abe Roofing Jacksonville,+18128777663,https://www.honestaberoofing.com/jacksonville-fl/,Jacksonville,FL,clay.cain@honestaberoofing.com,80,4.4,https://www.google.com/maps?cid=9942251444167698736,Jacksonville
All Well Roofing,+1 901-500-6693,https://www.allwellroofing.com/,Memphis,TN,office@allwellroofing.com,80,4.9,https://www.google.com/maps?cid=17331497570028096167,Memphis
DuraShield Roofing & Contracting,+1 262-244-0749,https://durashieldroofingmilwaukee.com/,Milwaukee,WI,info@durashieldroofing.com,36,5,https://www.google.com/maps?cid=597990785932668232,Milwaukee
Minneapolis Roofing Repair,+1 218-305-5479,http://www.superiorexteriorsmn.com/,Minneapolis,MN,info@mplsroofing.com,41,4,https://www.google.com/maps?cid=18251449504328741351,Minneapolis
Cal-Pro Roofing LLC,+1 602-788-1022,http://calproroofing.com/,Phoenix,AZ,estimating@calproroofing.com,156,4.8,https://www.google.com/maps?cid=14150128011892375107,Phoenix
RickJohn Roofing,4126832700,http://www.rickjohn.com/,Pittsburgh,PA,rgammier@gmail.com,64,4.3,https://www.google.com/maps?cid=12891970643293201864,Pittsburgh
Roof US,+1 770-368-0005,http://www.roofus247.com/,Atlanta,GA,info@roofus247.com,93,4.5,https://www.google.com/maps?cid=13106755939982996398,Atlanta
Falcon Roofing & Restoration,2547496666,https://falconroofingtexas.com/,Austin,TX,info@falconroofingtexas.com,264,5,https://www.google.com/maps?cid=8289313412754612990,Austin
JAF Roofing,+1 513-289-0755,https://www.jafroofing.com/,Cincinnati,OH,jasfraley@yahoo.com,45,5,https://www.google.com/maps?cid=15296111921385885585,Cincinnati
Lifetime Roof & Solar - Denver,+1 303-335-6097,https://mylifetimehome.com/services/residential-roofing-installations/,Denver,CO,info@mylifetimehome.com,396,5,https://www.google.com/maps?cid=16861356970979921575,Denver
Quality Discount Roofing & Construction,+1 904-396-5000,http://www.qdrusa.com/,Jacksonville,FL,info@qdrusa.com,339,4.5,https://www.google.com/maps?cid=1709190868280968528,Jacksonville
HomeFocus Roofing and Construction,+1 901-300-0582,https://www.homefocusroofing.com/,Memphis,TN,admin@homefocusroofing.com,65,4.7,https://www.google.com/maps?cid=16906824167865794133,Memphis
Brew Roofers Milwaukee,+1 414-404-5060,https://brewroofersmilwaukee.com/,Milwaukee,WI,benmordekhay@gmail.com,28,5,https://www.google.com/maps?cid=12486688545510308291,Milwaukee
Snap Construction,+1 612-333-7627,https://www.snapconstruction.com/?utm_source=google&utm_medium=organic&utm_campaign=local-hopkins&utm_content=gbp,Minneapolis,MN,contact@snapconstruction.com,47,4.9,https://www.google.com/maps?cid=9992255150495800269,Minneapolis
Canyon State Roofing & Consulting,480-369-4778,https://canyonstateroofs.com/,Phoenix,AZ,info@canyonstateroofs.com,134,5,https://www.google.com/maps?cid=16399829067845022788,Phoenix
Hickey Contracting & Roofing,+1 412-320-3128,https://www.hickeycontracting.com/,Pittsburgh,PA,hickey.contracting.llc@gmail.com,49,4.3,https://www.google.com/maps?cid=4360992246155659782,Pittsburgh
Wright & Sons Roofers LLC,+1 470-380-0800,https://wrightroofers.online/,Atlanta,GA,clint@6750a9fbb223s.com,40,4.9,https://www.google.com/maps?cid=5885260543909495919,Atlanta
RoofsOnly.com,+15127467090,https://www.roofsonly.com/cedar-park-tx/?utm_source=GMB&utm_medium=organic&utm_campaign=cedar-park,Austin,TX,info@roofsonly.com,153,5,https://www.google.com/maps?cid=9776053326539129914,Austin
Kelly Roofing and Repair,+1 513-474-6677,http://www.kellyroofingandrepair.com/,Cincinnati,OH,nick@kellyroofingandrepair.com,44,4.6,https://www.google.com/maps?cid=11559684858822648827,Cincinnati
Bumble Roofing Denver South,+1 303-732-8398,https://bumbleroofing.com/south-denver/?utm_source=gbp&utm_medium=organic&utm_campaign=organic,Denver,CO,info@bumbleroofing.com,45,5,https://www.google.com/maps?cid=12051242775663998707,Denver
Paramount Builders Inc.,(757) 340-9000,https://www.paramountbuilders.com/our-locations/jacksonville-fl/,Jacksonville,FL,cezary.siwa@gmail.com,314,4.2,https://www.google.com/maps?cid=13852085459540456803,Jacksonville
Roof Pro LLC,+1 901-465-5558,http://www.roofpromemphis.com/,Memphis,TN,office@roofpromemphis.com,44,4.9,https://www.google.com/maps?cid=8583672505904097186,Memphis
StormProof Exteriors,+1 414-254-4120,https://stormproofexteriors.com/,Milwaukee,WI,info@stormproofexteriors.com,27,5,https://www.google.com/maps?cid=9834901193774436171,Milwaukee
ReDesign Exteriors,+1 651-207-7849,https://redesignexteriorsmn.com/,Minneapolis,MN,info@redesignexteriors.com,34,5,https://www.google.com/maps?cid=16062955476200366285,Minneapolis
Allphase Construction & Roofing LLC,94090129007,https://www.allphaseroofing.us/,Phoenix,AZ,info@allphaseroofing.us,73,4,https://www.google.com/maps?cid=11905112215798283700,Phoenix
ABC COMMERCIAL ROOFING,+1 412-737-4524,http://pittsburghroofingcompany.com/,Pittsburgh,PA,ABCROOFING412@GMAIL.COM,124,5,https://www.google.com/maps?cid=1213867455916871083,Pittsburgh
JG pro solutions,+1 770-895-2826,https://jgprosolutions.com/,Atlanta,GA,info@jgprosolutions.com,123,4.9,https://www.google.com/maps?cid=942417741344037107,Atlanta
All Good Roofing and Additions,+1 512-458-4353,https://allgoodroofingandadditions.com/?utm_source=omg-gbp&utm_medium=webclick,Austin,TX,agr@allgoodroofing.com,41,4.6,https://www.google.com/maps?cid=5229680890206673464,Austin
New Heights Roofing,5134909382,https://newheightsroof.com/,Cincinnati,OH,office@newheightsroof.com,136,4.9,https://www.google.com/maps?cid=16437768247176353842,Cincinnati
Storm Contracting Solutions - Roofing Contractor,720-928-5875,https://www.stormcontractingsolutions.com/,Denver,CO,info@stormcontractingsolutions.com,36,5,https://www.google.com/maps?cid=10074709033638592829,Denver
South Edge Roofing & Construction,+1 904-799-8000,http://www.southedgeconstruction.com/,Jacksonville,FL,isaacbclark777@gmail.com,108,4.9,https://www.google.com/maps?cid=3217393790846469116,Jacksonville
Excellent Roofing,+1 901-484-1800,https://www.excellentroofing.com/,Memphis,TN,service@excellentroofing.com,292,4.8,https://www.google.com/maps?cid=10785498188778370249,Memphis
Absolute Restorations,+1 414-739-4251,https://absolute-restorations.com/,Milwaukee,WI,claims@absolute-restorations.com,84,4.9,https://www.google.com/maps?cid=13356470646973154248,Milwaukee
BEI Exterior Maintenance,+1 612-861-6243,https://www.beixm.com/?UTM_source=GMB_listing&UTM_medium=organic,Minneapolis,MN,info@BEIxm.com,31,3.5,https://www.google.com/maps?cid=16751257719626403786,Minneapolis
Erie Home Roofing,901-673-3054,https://eriehome.com/locations/roofing/phoenix-az/?utm_source=gbp&utm_medium=roofing&utm_campaign=Phoenix,Phoenix,AZ,,72,4.2,https://www.google.com/maps?cid=9191661222072071815,Phoenix
ICP Roofing,+1 412-944-8263,https://icproofing.com/,Pittsburgh,PA,icproofing412@gmail.com,30,5,https://www.google.com/maps?cid=13736248922692595052,Pittsburgh
The Cool Roofing Company Atlanta,+1 888-216-1766,https://thecoolroofingcompany.com/service-areas/georgia/atlanta/,Atlanta,GA,dawson@thecoolroofingcompany.com,111,5,https://www.google.com/maps?cid=13186451168131332473,Atlanta
Black Slate Roofing Co,+1 512-825-9703,http://www.blackslateroofing.com/,Austin,TX,info@blackslateroofing.com,38,5,https://www.google.com/maps?cid=17516809657114523644,Austin
Thomas Brothers Roofers LLC,+1 513-640-2888,https://www.thomasbrothersroofers.com/,Cincinnati,OH,mike.kelleher@paritygo.com,51,4.9,https://www.google.com/maps?cid=9789097429314428703,Cincinnati
Blue Ox Exteriors,6513034190,https://boext.com/?utm_source=gmb&utm_medium=google%20local&utm_campaign=google%20my%20business,Denver,CO,info@boext.com,127,4.7,https://www.google.com/maps?cid=9970679800225553375,Denver
RoofClaim,+1 904-638-9249,https://roofclaim.com/in/florida/jacksonville-fl/?utm_source=gmb&utm_medium=jacksonville,Jacksonville,FL,media@roofclaim.com,41,4.4,https://www.google.com/maps?cid=17156919975241174367,Jacksonville
Haven Roofing and Exteriors,+1 901-235-2121,http://www.havenroofing.com/,Memphis,TN,385-319-5600josh@haven-exteriors.com,106,4.9,https://www.google.com/maps?cid=7848121878428764806,Memphis
O'Danny Boy Builders,(715) 390-5797,https://www.odannyboybuilders.com/locations/?utm_source=GMB&utm_medium=GMB&utm_campaign=Milwaukee+&utm_id=Local+,Milwaukee,WI,office@odannyboybuilders.com,30,4.3,https://www.google.com/maps?cid=11828637652503266654,Milwaukee
Starkweather Roofing LLC,520-697-0868,http://starkweatherroof.com/,Phoenix,AZ,service@starkweatherroof.com,27,4.1,https://www.google.com/maps?cid=1124017484246946558,Phoenix
Cousins Roofing Siding & Decks,+1 724-913-2665,https://www.cnsconstruction.io/?utm_campaign=gmb,Pittsburgh,PA,hello@callthecousins.com,168,4.9,https://www.google.com/maps?cid=5471112343947494697,Pittsburgh
Regal Roofing,+1 888-734-2510,http://www.regrs.com/,Atlanta,GA,support@regrs.com,90,4.9,https://www.google.com/maps?cid=9900519984952859759,Atlanta
Division 1 Roofing,+1 512-271-5060,https://d1roofing.com/,Austin,TX,office@d1roofing.com,34,5,https://www.google.com/maps?cid=12486220016638933037,Austin
Farha,7203067949,https://farharoofing.com/colorado/roofing-in-denver/,Denver,CO,admin@farharoofing.com,98,4.8,https://www.google.com/maps?cid=14441071819542016402,Denver
DeVore Capital Contracting,+1 904-746-0050,https://devorecapitalroofing.com/,Jacksonville,FL,info@devorecapital.com,119,4.9,https://www.google.com/maps?cid=17201004209591671593,Jacksonville
Cool Roofs - Memphis,+1 901-660-2577,https://coolroofs.co/location/memphis/,Memphis,TN,team@coolroofs.co,89,5,https://www.google.com/maps?cid=798668553767422070,Memphis
Coast to Coast Exteriors,+1 877-270-7707,https://c2cexteriors.com/,Phoenix,AZ,office@c2cexteriors.com,30,4.7,https://www.google.com/maps?cid=5984225747726785778,Phoenix
Always Perfect Contracting Inc,+1 412-475-2281,https://www.alwaysperfectcontracting.com/?utm_source=google&utm_medium=business_profile&utm_campaign=website,Pittsburgh,PA,alwaysperfectcontracting@gmail.com,153,4.9,https://www.google.com/maps?cid=17888394423777894670,Pittsburgh
Dr. Roof,(770) 220-7520,http://drroof.com/?=GMB,Atlanta,GA,,35,4.3,https://www.google.com/maps?cid=8034064167636952306,Atlanta
Holden Roofing Austin,+1 512-750-0523,https://holdenroofing.com/contact-us/austin-roofing/,Austin,TX,contact@holdenroofing.com,343,4.6,https://www.google.com/maps?cid=4815685320555848523,Austin
Sol Vista Roofing,+17207123516,https://solvistaroofing.com/,Denver,CO,info@solvistaroofing.com,410,4.9,https://www.google.com/maps?cid=6233995028478039051,Denver
Jax Roofing,+1 904-434-7346,http://www.jaxroofing.net/,Jacksonville,FL,jaime@jaxroofing.net,39,5,https://www.google.com/maps?cid=5274994900355584521,Jacksonville
