name,business,industry,email,instagram,linkedin,twitter,phone,website,source,status,city,state,notes,tags,cold_dm,email_subject,cold_email
,"Five Star Roofing and Construction, Inc.",Roofing,,,,,(844) 647-1396,https://fivestarroofingconstruction.com/,google_maps,new,Tampa,FL,368 Google reviews · rank 4,"roofer,icp,estimate-speed","Hey Five Star Roofing and Construction — saw you on Google for roof replacement in Tampa (368+ reviews, looks like a real shop).

When homeowner calls 3–4 roofers after hail/leak, first written price wins ~70%. If owner/sales still drives out, climbs, quotes 48 hrs later — you lose $12–15k jobs to whoever replies first.

Offer: I build you an AI estimator (photos → price while you're still on the ladder). DFY. You keep doing roofs.

De-risk: $500 setup, then $50/estimate OR 5–10% of jobs closed through it. If it doesn't replace your estimating bottleneck in 30 days and you used it, refund the setup.

Worth a 10-min look this week?",Five Star Roofing and Construction — first price wins the roof job in Tampa,"Subject: Five Star Roofing and Construction — first price wins the roof job in Tampa

Hi Five Star Roofing and Construction team,

Found you on Google Maps for residential roof replacement in Tampa, FL (368 reviews — solid local proof).

Not pitching ""AI"" or another CRM. Pitching closed jobs.

Problem: storm/leak homeowner shops 3–4 roofers. First written number usually wins. Owner or one sales guy still bottle-necking estimates = slow quotes = lost $12–15k tickets.

Offer (AI Estimator):
• I build + customize a quote tool for your pricing / photos
• Train you in ~30 minutes — done for you
• Goal: price in front of the lead while you're still on site

Pricing (performance, zero case-study needed):
• $500 setup (covers build)
• Then $50 per estimate sent OR 5–10% of jobs closed through the tool
• Guarantee: use it 30 days; if it doesn't replace your estimating bottleneck → setup refunded

You only pay real money when estimates go out / jobs close. I do the build. You keep roofing.

If that math is interesting for Five Star Roofing and Construction, reply YES and I'll send a 10-min Loom configured around residential re-roofs in Tampa (or grab 10 min here: calendly.com/uptisement/30min).

— Adil
P.S. Site I saw: https://fivestarroofingconstruction.com/"
,Downunder Roofing,Roofing,,,,,(816) 547-0713,https://www.downunderroofing.com/,google_maps,new,Kansas City,MO,111 Google reviews · rank 4,"roofer,icp,estimate-speed","Hey Downunder Roofing — saw you on Google for roof replacement in Kansas City (111+ reviews, looks like a real shop).

When homeowner calls 3–4 roofers after hail/leak, first written price wins ~70%. If owner/sales still drives out, climbs, quotes 48 hrs later — you lose $12–15k jobs to whoever replies first.

Offer: I build you an AI estimator (photos → price while you're still on the ladder). DFY. You keep doing roofs.

De-risk: $500 setup, then $50/estimate OR 5–10% of jobs closed through it. If it doesn't replace your estimating bottleneck in 30 days and you used it, refund the setup.

Worth a 10-min look this week?",Downunder Roofing — first price wins the roof job in Kansas City,"Subject: Downunder Roofing — first price wins the roof job in Kansas City

Hi Downunder Roofing team,

Found you on Google Maps for residential roof replacement in Kansas City, MO (111 reviews — solid local proof).

Not pitching ""AI"" or another CRM. Pitching closed jobs.

Problem: storm/leak homeowner shops 3–4 roofers. First written number usually wins. Owner or one sales guy still bottle-necking estimates = slow quotes = lost $12–15k tickets.

Offer (AI Estimator):
• I build + customize a quote tool for your pricing / photos
• Train you in ~30 minutes — done for you
• Goal: price in front of the lead while you're still on site

Pricing (performance, zero case-study needed):
• $500 setup (covers build)
• Then $50 per estimate sent OR 5–10% of jobs closed through the tool
• Guarantee: use it 30 days; if it doesn't replace your estimating bottleneck → setup refunded

You only pay real money when estimates go out / jobs close. I do the build. You keep roofing.

If that math is interesting for Downunder Roofing, reply YES and I'll send a 10-min Loom configured around residential re-roofs in Kansas City (or grab 10 min here: calendly.com/uptisement/30min).

— Adil
P.S. Site I saw: https://www.downunderroofing.com/"
,Highland Roofing,Roofing,,,,,(502) 968-2009,https://highlandroofing.com/,google_maps,new,Louisville,KY,95 Google reviews · rank 4,"roofer,icp,estimate-speed","Hey Highland Roofing — saw you on Google for roof replacement in Louisville (95+ reviews, looks like a real shop).

When homeowner calls 3–4 roofers after hail/leak, first written price wins ~70%. If owner/sales still drives out, climbs, quotes 48 hrs later — you lose $12–15k jobs to whoever replies first.

Offer: I build you an AI estimator (photos → price while you're still on the ladder). DFY. You keep doing roofs.

De-risk: $500 setup, then $50/estimate OR 5–10% of jobs closed through it. If it doesn't replace your estimating bottleneck in 30 days and you used it, refund the setup.

Worth a 10-min look this week?",Highland Roofing — first price wins the roof job in Louisville,"Subject: Highland Roofing — first price wins the roof job in Louisville

Hi Highland Roofing team,

Found you on Google Maps for residential roof replacement in Louisville, KY (95 reviews — solid local proof).

Not pitching ""AI"" or another CRM. Pitching closed jobs.

Problem: storm/leak homeowner shops 3–4 roofers. First written number usually wins. Owner or one sales guy still bottle-necking estimates = slow quotes = lost $12–15k tickets.

Offer (AI Estimator):
• I build + customize a quote tool for your pricing / photos
• Train you in ~30 minutes — done for you
• Goal: price in front of the lead while you're still on site

Pricing (performance, zero case-study needed):
• $500 setup (covers build)
• Then $50 per estimate sent OR 5–10% of jobs closed through the tool
• Guarantee: use it 30 days; if it doesn't replace your estimating bottleneck → setup refunded

You only pay real money when estimates go out / jobs close. I do the build. You keep roofing.

If that math is interesting for Highland Roofing, reply YES and I'll send a 10-min Loom configured around residential re-roofs in Louisville (or grab 10 min here: calendly.com/uptisement/30min).

— Adil
P.S. Site I saw: https://highlandroofing.com/"
,Hi-5 Roofing,Roofing,,,,,(614) 313-7721,https://hi-5roofingohio.com/,google_maps,new,Columbus,OH,76 Google reviews · rank 4,"roofer,icp,estimate-speed","Hey Hi-5 Roofing — saw you on Google for roof replacement in Columbus (76+ reviews, looks like a real shop).

When homeowner calls 3–4 roofers after hail/leak, first written price wins ~70%. If owner/sales still drives out, climbs, quotes 48 hrs later — you lose $12–15k jobs to whoever replies first.

Offer: I build you an AI estimator (photos → price while you're still on the ladder). DFY. You keep doing roofs.

De-risk: $500 setup, then $50/estimate OR 5–10% of jobs closed through it. If it doesn't replace your estimating bottleneck in 30 days and you used it, refund the setup.

Worth a 10-min look this week?",Hi-5 Roofing — first price wins the roof job in Columbus,"Subject: Hi-5 Roofing — first price wins the roof job in Columbus

Hi Hi-5 Roofing team,

Found you on Google Maps for residential roof replacement in Columbus, OH (76 reviews — solid local proof).

Not pitching ""AI"" or another CRM. Pitching closed jobs.

Problem: storm/leak homeowner shops 3–4 roofers. First written number usually wins. Owner or one sales guy still bottle-necking estimates = slow quotes = lost $12–15k tickets.

Offer (AI Estimator):
• I build + customize a quote tool for your pricing / photos
• Train you in ~30 minutes — done for you
• Goal: price in front of the lead while you're still on site

Pricing (performance, zero case-study needed):
• $500 setup (covers build)
• Then $50 per estimate sent OR 5–10% of jobs closed through the tool
• Guarantee: use it 30 days; if it doesn't replace your estimating bottleneck → setup refunded

You only pay real money when estimates go out / jobs close. I do the build. You keep roofing.

If that math is interesting for Hi-5 Roofing, reply YES and I'll send a 10-min Loom configured around residential re-roofs in Columbus (or grab 10 min here: calendly.com/uptisement/30min).

— Adil
P.S. Site I saw: https://hi-5roofingohio.com/"
,Rogue Carolina Roofing LLC,Roofing,,,,,(980) 403-4545,http://roguecarolinaroofing.com/,google_maps,new,Charlotte,NC,68 Google reviews · rank 4,"roofer,icp,estimate-speed","Hey Rogue Carolina Roofing — saw you on Google for roof replacement in Charlotte (68+ reviews, looks like a real shop).

When homeowner calls 3–4 roofers after hail/leak, first written price wins ~70%. If owner/sales still drives out, climbs, quotes 48 hrs later — you lose $12–15k jobs to whoever replies first.

Offer: I build you an AI estimator (photos → price while you're still on the ladder). DFY. You keep doing roofs.

De-risk: $500 setup, then $50/estimate OR 5–10% of jobs closed through it. If it doesn't replace your estimating bottleneck in 30 days and you used it, refund the setup.

Worth a 10-min look this week?",Rogue Carolina Roofing — first price wins the roof job in Charlotte,"Subject: Rogue Carolina Roofing — first price wins the roof job in Charlotte

Hi Rogue Carolina Roofing team,

Found you on Google Maps for residential roof replacement in Charlotte, NC (68 reviews — solid local proof).

Not pitching ""AI"" or another CRM. Pitching closed jobs.

Problem: storm/leak homeowner shops 3–4 roofers. First written number usually wins. Owner or one sales guy still bottle-necking estimates = slow quotes = lost $12–15k tickets.

Offer (AI Estimator):
• I build + customize a quote tool for your pricing / photos
• Train you in ~30 minutes — done for you
• Goal: price in front of the lead while you're still on site

Pricing (performance, zero case-study needed):
• $500 setup (covers build)
• Then $50 per estimate sent OR 5–10% of jobs closed through the tool
• Guarantee: use it 30 days; if it doesn't replace your estimating bottleneck → setup refunded

You only pay real money when estimates go out / jobs close. I do the build. You keep roofing.

If that math is interesting for Rogue Carolina Roofing, reply YES and I'll send a 10-min Loom configured around residential re-roofs in Charlotte (or grab 10 min here: calendly.com/uptisement/30min).

— Adil
P.S. Site I saw: http://roguecarolinaroofing.com/"
,"Rocklane Co. General Contractors, LLC",Roofing,,,,,(317) 898-8696,https://www.rocklaneco.com/,google_maps,new,Indianapolis,IN,50 Google reviews · rank 4,"roofer,icp,estimate-speed","Hey Rocklane Co. General Contractors — saw you on Google for roof replacement in Indianapolis (50+ reviews, looks like a real shop).

When homeowner calls 3–4 roofers after hail/leak, first written price wins ~70%. If owner/sales still drives out, climbs, quotes 48 hrs later — you lose $12–15k jobs to whoever replies first.

Offer: I build you an AI estimator (photos → price while you're still on the ladder). DFY. You keep doing roofs.

De-risk: $500 setup, then $50/estimate OR 5–10% of jobs closed through it. If it doesn't replace your estimating bottleneck in 30 days and you used it, refund the setup.

Worth a 10-min look this week?",Rocklane Co. General Contractors — first price wins the roof job in Indianapolis,"Subject: Rocklane Co. General Contractors — first price wins the roof job in Indianapolis

Hi Rocklane Co. General Contractors team,

Found you on Google Maps for residential roof replacement in Indianapolis, IN (50 reviews — solid local proof).

Not pitching ""AI"" or another CRM. Pitching closed jobs.

Problem: storm/leak homeowner shops 3–4 roofers. First written number usually wins. Owner or one sales guy still bottle-necking estimates = slow quotes = lost $12–15k tickets.

Offer (AI Estimator):
• I build + customize a quote tool for your pricing / photos
• Train you in ~30 minutes — done for you
• Goal: price in front of the lead while you're still on site

Pricing (performance, zero case-study needed):
• $500 setup (covers build)
• Then $50 per estimate sent OR 5–10% of jobs closed through the tool
• Guarantee: use it 30 days; if it doesn't replace your estimating bottleneck → setup refunded

You only pay real money when estimates go out / jobs close. I do the build. You keep roofing.

If that math is interesting for Rocklane Co. General Contractors, reply YES and I'll send a 10-min Loom configured around residential re-roofs in Indianapolis (or grab 10 min here: calendly.com/uptisement/30min).

— Adil
P.S. Site I saw: https://www.rocklaneco.com/"
,Strong Quality Roofing,Roofing,,,,,(615) 491-6442,https://strongqualityroofingllc.com/,google_maps,new,La Vergne,TN,47 Google reviews · rank 4,"roofer,icp,estimate-speed","Hey Strong Quality Roofing — saw you on Google for roof replacement in La Vergne (47+ reviews, looks like a real shop).

When homeowner calls 3–4 roofers after hail/leak, first written price wins ~70%. If owner/sales still drives out, climbs, quotes 48 hrs later — you lose $12–15k jobs to whoever replies first.

Offer: I build you an AI estimator (photos → price while you're still on the ladder). DFY. You keep doing roofs.

De-risk: $500 setup, then $50/estimate OR 5–10% of jobs closed through it. If it doesn't replace your estimating bottleneck in 30 days and you used it, refund the setup.

Worth a 10-min look this week?",Strong Quality Roofing — first price wins the roof job in La Vergne,"Subject: Strong Quality Roofing — first price wins the roof job in La Vergne

Hi Strong Quality Roofing team,

Found you on Google Maps for residential roof replacement in La Vergne, TN (47 reviews — solid local proof).

Not pitching ""AI"" or another CRM. Pitching closed jobs.

Problem: storm/leak homeowner shops 3–4 roofers. First written number usually wins. Owner or one sales guy still bottle-necking estimates = slow quotes = lost $12–15k tickets.

Offer (AI Estimator):
• I build + customize a quote tool for your pricing / photos
• Train you in ~30 minutes — done for you
• Goal: price in front of the lead while you're still on site

Pricing (performance, zero case-study needed):
• $500 setup (covers build)
• Then $50 per estimate sent OR 5–10% of jobs closed through the tool
• Guarantee: use it 30 days; if it doesn't replace your estimating bottleneck → setup refunded

You only pay real money when estimates go out / jobs close. I do the build. You keep roofing.

If that math is interesting for Strong Quality Roofing, reply YES and I'll send a 10-min Loom configured around residential re-roofs in La Vergne (or grab 10 min here: calendly.com/uptisement/30min).

— Adil
P.S. Site I saw: https://strongqualityroofingllc.com/"
,Garcia & Sons Roofing Company,Roofing,,,,,(380) 300-5950,https://garciasonsleakdetection.com/,google_maps,new,Columbus,OH,45 Google reviews · rank 4,"roofer,icp,estimate-speed","Hey Garcia & Sons Roofing Company — saw you on Google for roof replacement in Columbus (45+ reviews, looks like a real shop).

When homeowner calls 3–4 roofers after hail/leak, first written price wins ~70%. If owner/sales still drives out, climbs, quotes 48 hrs later — you lose $12–15k jobs to whoever replies first.

Offer: I build you an AI estimator (photos → price while you're still on the ladder). DFY. You keep doing roofs.

De-risk: $500 setup, then $50/estimate OR 5–10% of jobs closed through it. If it doesn't replace your estimating bottleneck in 30 days and you used it, refund the setup.

Worth a 10-min look this week?",Garcia & Sons Roofing Company — first price wins the roof job in Columbus,"Subject: Garcia & Sons Roofing Company — first price wins the roof job in Columbus

Hi Garcia & Sons Roofing Company team,

Found you on Google Maps for residential roof replacement in Columbus, OH (45 reviews — solid local proof).

Not pitching ""AI"" or another CRM. Pitching closed jobs.

Problem: storm/leak homeowner shops 3–4 roofers. First written number usually wins. Owner or one sales guy still bottle-necking estimates = slow quotes = lost $12–15k tickets.

Offer (AI Estimator):
• I build + customize a quote tool for your pricing / photos
• Train you in ~30 minutes — done for you
• Goal: price in front of the lead while you're still on site

Pricing (performance, zero case-study needed):
• $500 setup (covers build)
• Then $50 per estimate sent OR 5–10% of jobs closed through the tool
• Guarantee: use it 30 days; if it doesn't replace your estimating bottleneck → setup refunded

You only pay real money when estimates go out / jobs close. I do the build. You keep roofing.

If that math is interesting for Garcia & Sons Roofing Company, reply YES and I'll send a 10-min Loom configured around residential re-roofs in Columbus (or grab 10 min here: calendly.com/uptisement/30min).

— Adil
P.S. Site I saw: https://garciasonsleakdetection.com/"
,Kaiser Siding and Roofing LLC,Roofing,,,,,(704) 612-2947,https://kaiserroof.com/charlotte-nc/?utm_source=Google+Business+Profile&utm_medium=Charlotte&utm_campaign=GBP,google_maps,new,Charlotte,NC,329 Google reviews · rank 5,"roofer,icp,estimate-speed","Hey Kaiser Siding and Roofing — saw you on Google for roof replacement in Charlotte (329+ reviews, looks like a real shop).

When homeowner calls 3–4 roofers after hail/leak, first written price wins ~70%. If owner/sales still drives out, climbs, quotes 48 hrs later — you lose $12–15k jobs to whoever replies first.

Offer: I build you an AI estimator (photos → price while you're still on the ladder). DFY. You keep doing roofs.

De-risk: $500 setup, then $50/estimate OR 5–10% of jobs closed through it. If it doesn't replace your estimating bottleneck in 30 days and you used it, refund the setup.

Worth a 10-min look this week?",Kaiser Siding and Roofing — first price wins the roof job in Charlotte,"Subject: Kaiser Siding and Roofing — first price wins the roof job in Charlotte

Hi Kaiser Siding and Roofing team,

Found you on Google Maps for residential roof replacement in Charlotte, NC (329 reviews — solid local proof).

Not pitching ""AI"" or another CRM. Pitching closed jobs.

Problem: storm/leak homeowner shops 3–4 roofers. First written number usually wins. Owner or one sales guy still bottle-necking estimates = slow quotes = lost $12–15k tickets.

Offer (AI Estimator):
• I build + customize a quote tool for your pricing / photos
• Train you in ~30 minutes — done for you
• Goal: price in front of the lead while you're still on site

Pricing (performance, zero case-study needed):
• $500 setup (covers build)
• Then $50 per estimate sent OR 5–10% of jobs closed through the tool
• Guarantee: use it 30 days; if it doesn't replace your estimating bottleneck → setup refunded

You only pay real money when estimates go out / jobs close. I do the build. You keep roofing.

If that math is interesting for Kaiser Siding and Roofing, reply YES and I'll send a 10-min Loom configured around residential re-roofs in Charlotte (or grab 10 min here: calendly.com/uptisement/30min).

— Adil
P.S. Site I saw: https://kaiserroof.com/charlotte-nc/?utm_source=Google+Business+Profile&utm_medium=Charlotte&utm_campaign=GBP"
,K&D Roofing,Roofing,,,,,(919) 977-4074,https://kanddroofingnc.com/?utm_source=google&utm_medium=organic&utm_campaign=gbp,google_maps,new,Raleigh,NC,309 Google reviews · rank 5,"roofer,icp,estimate-speed","Hey K&D Roofing — saw you on Google for roof replacement in Raleigh (309+ reviews, looks like a real shop).

When homeowner calls 3–4 roofers after hail/leak, first written price wins ~70%. If owner/sales still drives out, climbs, quotes 48 hrs later — you lose $12–15k jobs to whoever replies first.

Offer: I build you an AI estimator (photos → price while you're still on the ladder). DFY. You keep doing roofs.

De-risk: $500 setup, then $50/estimate OR 5–10% of jobs closed through it. If it doesn't replace your estimating bottleneck in 30 days and you used it, refund the setup.

Worth a 10-min look this week?",K&D Roofing — first price wins the roof job in Raleigh,"Subject: K&D Roofing — first price wins the roof job in Raleigh

Hi K&D Roofing team,

Found you on Google Maps for residential roof replacement in Raleigh, NC (309 reviews — solid local proof).

Not pitching ""AI"" or another CRM. Pitching closed jobs.

Problem: storm/leak homeowner shops 3–4 roofers. First written number usually wins. Owner or one sales guy still bottle-necking estimates = slow quotes = lost $12–15k tickets.

Offer (AI Estimator):
• I build + customize a quote tool for your pricing / photos
• Train you in ~30 minutes — done for you
• Goal: price in front of the lead while you're still on site

Pricing (performance, zero case-study needed):
• $500 setup (covers build)
• Then $50 per estimate sent OR 5–10% of jobs closed through the tool
• Guarantee: use it 30 days; if it doesn't replace your estimating bottleneck → setup refunded

You only pay real money when estimates go out / jobs close. I do the build. You keep roofing.

If that math is interesting for K&D Roofing, reply YES and I'll send a 10-min Loom configured around residential re-roofs in Raleigh (or grab 10 min here: calendly.com/uptisement/30min).

— Adil
P.S. Site I saw: https://kanddroofingnc.com/?utm_source=google&utm_medium=organic&utm_campaign=gbp"
,American Roofing and Metal,Roofing,,,,,(502) 966-2900,https://americanroofingonline.com/,google_maps,new,Louisville,KY,306 Google reviews · rank 5,"roofer,icp,estimate-speed","Hey American Roofing and Metal — saw you on Google for roof replacement in Louisville (306+ reviews, looks like a real shop).

When homeowner calls 3–4 roofers after hail/leak, first written price wins ~70%. If owner/sales still drives out, climbs, quotes 48 hrs later — you lose $12–15k jobs to whoever replies first.

Offer: I build you an AI estimator (photos → price while you're still on the ladder). DFY. You keep doing roofs.

De-risk: $500 setup, then $50/estimate OR 5–10% of jobs closed through it. If it doesn't replace your estimating bottleneck in 30 days and you used it, refund the setup.

Worth a 10-min look this week?",American Roofing and Metal — first price wins the roof job in Louisville,"Subject: American Roofing and Metal — first price wins the roof job in Louisville

Hi American Roofing and Metal team,

Found you on Google Maps for residential roof replacement in Louisville, KY (306 reviews — solid local proof).

Not pitching ""AI"" or another CRM. Pitching closed jobs.

Problem: storm/leak homeowner shops 3–4 roofers. First written number usually wins. Owner or one sales guy still bottle-necking estimates = slow quotes = lost $12–15k tickets.

Offer (AI Estimator):
• I build + customize a quote tool for your pricing / photos
• Train you in ~30 minutes — done for you
• Goal: price in front of the lead while you're still on site

Pricing (performance, zero case-study needed):
• $500 setup (covers build)
• Then $50 per estimate sent OR 5–10% of jobs closed through the tool
• Guarantee: use it 30 days; if it doesn't replace your estimating bottleneck → setup refunded

You only pay real money when estimates go out / jobs close. I do the build. You keep roofing.

If that math is interesting for American Roofing and Metal, reply YES and I'll send a 10-min Loom configured around residential re-roofs in Louisville (or grab 10 min here: calendly.com/uptisement/30min).

— Adil
P.S. Site I saw: https://americanroofingonline.com/"
,Camden Roof Repair & Replacement,Roofing,,,,,(919) 849-3818,https://camdenroofinggc.com/locations/raleigh/?utm_campaign=gmb&utm_medium=gmb&utm_source=google,google_maps,new,Raleigh,NC,265 Google reviews · rank 5,"roofer,icp,estimate-speed","Hey Camden Roof Repair & Replacement — saw you on Google for roof replacement in Raleigh (265+ reviews, looks like a real shop).

When homeowner calls 3–4 roofers after hail/leak, first written price wins ~70%. If owner/sales still drives out, climbs, quotes 48 hrs later — you lose $12–15k jobs to whoever replies first.

Offer: I build you an AI estimator (photos → price while you're still on the ladder). DFY. You keep doing roofs.

De-risk: $500 setup, then $50/estimate OR 5–10% of jobs closed through it. If it doesn't replace your estimating bottleneck in 30 days and you used it, refund the setup.

Worth a 10-min look this week?",Camden Roof Repair & Replacement — first price wins the roof job in Raleigh,"Subject: Camden Roof Repair & Replacement — first price wins the roof job in Raleigh

Hi Camden Roof Repair & Replacement team,

Found you on Google Maps for residential roof replacement in Raleigh, NC (265 reviews — solid local proof).

Not pitching ""AI"" or another CRM. Pitching closed jobs.

Problem: storm/leak homeowner shops 3–4 roofers. First written number usually wins. Owner or one sales guy still bottle-necking estimates = slow quotes = lost $12–15k tickets.

Offer (AI Estimator):
• I build + customize a quote tool for your pricing / photos
• Train you in ~30 minutes — done for you
• Goal: price in front of the lead while you're still on site

Pricing (performance, zero case-study needed):
• $500 setup (covers build)
• Then $50 per estimate sent OR 5–10% of jobs closed through the tool
• Guarantee: use it 30 days; if it doesn't replace your estimating bottleneck → setup refunded

You only pay real money when estimates go out / jobs close. I do the build. You keep roofing.

If that math is interesting for Camden Roof Repair & Replacement, reply YES and I'll send a 10-min Loom configured around residential re-roofs in Raleigh (or grab 10 min here: calendly.com/uptisement/30min).

— Adil
P.S. Site I saw: https://camdenroofinggc.com/locations/raleigh/?utm_campaign=gmb&utm_medium=gmb&utm_source=google"
,Bill Ragan Roofing Company,Roofing,,,,,(615) 242-0333,https://www.billraganroofing.com/,google_maps,new,Nashville,TN,235 Google reviews · rank 5,"roofer,icp,estimate-speed","Hey Bill Ragan Roofing Company — saw you on Google for roof replacement in Nashville (235+ reviews, looks like a real shop).

When homeowner calls 3–4 roofers after hail/leak, first written price wins ~70%. If owner/sales still drives out, climbs, quotes 48 hrs later — you lose $12–15k jobs to whoever replies first.

Offer: I build you an AI estimator (photos → price while you're still on the ladder). DFY. You keep doing roofs.

De-risk: $500 setup, then $50/estimate OR 5–10% of jobs closed through it. If it doesn't replace your estimating bottleneck in 30 days and you used it, refund the setup.

Worth a 10-min look this week?",Bill Ragan Roofing Company — first price wins the roof job in Nashville,"Subject: Bill Ragan Roofing Company — first price wins the roof job in Nashville

Hi Bill Ragan Roofing Company team,

Found you on Google Maps for residential roof replacement in Nashville, TN (235 reviews — solid local proof).

Not pitching ""AI"" or another CRM. Pitching closed jobs.

Problem: storm/leak homeowner shops 3–4 roofers. First written number usually wins. Owner or one sales guy still bottle-necking estimates = slow quotes = lost $12–15k tickets.

Offer (AI Estimator):
• I build + customize a quote tool for your pricing / photos
• Train you in ~30 minutes — done for you
• Goal: price in front of the lead while you're still on site

Pricing (performance, zero case-study needed):
• $500 setup (covers build)
• Then $50 per estimate sent OR 5–10% of jobs closed through the tool
• Guarantee: use it 30 days; if it doesn't replace your estimating bottleneck → setup refunded

You only pay real money when estimates go out / jobs close. I do the build. You keep roofing.

If that math is interesting for Bill Ragan Roofing Company, reply YES and I'll send a 10-min Loom configured around residential re-roofs in Nashville (or grab 10 min here: calendly.com/uptisement/30min).

— Adil
P.S. Site I saw: https://www.billraganroofing.com/"
,Triangle’s Trusted Roofing,Roofing,,,,,(919) 770-9089,https://mytrustedroofer.com/,google_maps,new,Raleigh,NC,217 Google reviews · rank 5,"roofer,icp,estimate-speed","Hey Triangle’s Trusted Roofing — saw you on Google for roof replacement in Raleigh (217+ reviews, looks like a real shop).

When homeowner calls 3–4 roofers after hail/leak, first written price wins ~70%. If owner/sales still drives out, climbs, quotes 48 hrs later — you lose $12–15k jobs to whoever replies first.

Offer: I build you an AI estimator (photos → price while you're still on the ladder). DFY. You keep doing roofs.

De-risk: $500 setup, then $50/estimate OR 5–10% of jobs closed through it. If it doesn't replace your estimating bottleneck in 30 days and you used it, refund the setup.

Worth a 10-min look this week?",Triangle’s Trusted Roofing — first price wins the roof job in Raleigh,"Subject: Triangle’s Trusted Roofing — first price wins the roof job in Raleigh

Hi Triangle’s Trusted Roofing team,

Found you on Google Maps for residential roof replacement in Raleigh, NC (217 reviews — solid local proof).

Not pitching ""AI"" or another CRM. Pitching closed jobs.

Problem: storm/leak homeowner shops 3–4 roofers. First written number usually wins. Owner or one sales guy still bottle-necking estimates = slow quotes = lost $12–15k tickets.

Offer (AI Estimator):
• I build + customize a quote tool for your pricing / photos
• Train you in ~30 minutes — done for you
• Goal: price in front of the lead while you're still on site

Pricing (performance, zero case-study needed):
• $500 setup (covers build)
• Then $50 per estimate sent OR 5–10% of jobs closed through the tool
• Guarantee: use it 30 days; if it doesn't replace your estimating bottleneck → setup refunded

You only pay real money when estimates go out / jobs close. I do the build. You keep roofing.

If that math is interesting for Triangle’s Trusted Roofing, reply YES and I'll send a 10-min Loom configured around residential re-roofs in Raleigh (or grab 10 min here: calendly.com/uptisement/30min).

— Adil
P.S. Site I saw: https://mytrustedroofer.com/"
,Stay Dry Roofing of Tampa Bay Inc.,Roofing,,,,,(813) 232-9430,https://staydryfl.com/,google_maps,new,Tampa,FL,202 Google reviews · rank 5,"roofer,icp,estimate-speed","Hey Stay Dry Roofing of Tampa Bay — saw you on Google for roof replacement in Tampa (202+ reviews, looks like a real shop).

When homeowner calls 3–4 roofers after hail/leak, first written price wins ~70%. If owner/sales still drives out, climbs, quotes 48 hrs later — you lose $12–15k jobs to whoever replies first.

Offer: I build you an AI estimator (photos → price while you're still on the ladder). DFY. You keep doing roofs.

De-risk: $500 setup, then $50/estimate OR 5–10% of jobs closed through it. If it doesn't replace your estimating bottleneck in 30 days and you used it, refund the setup.

Worth a 10-min look this week?",Stay Dry Roofing of Tampa Bay — first price wins the roof job in Tampa,"Subject: Stay Dry Roofing of Tampa Bay — first price wins the roof job in Tampa

Hi Stay Dry Roofing of Tampa Bay team,

Found you on Google Maps for residential roof replacement in Tampa, FL (202 reviews — solid local proof).

Not pitching ""AI"" or another CRM. Pitching closed jobs.

Problem: storm/leak homeowner shops 3–4 roofers. First written number usually wins. Owner or one sales guy still bottle-necking estimates = slow quotes = lost $12–15k tickets.

Offer (AI Estimator):
• I build + customize a quote tool for your pricing / photos
• Train you in ~30 minutes — done for you
• Goal: price in front of the lead while you're still on site

Pricing (performance, zero case-study needed):
• $500 setup (covers build)
• Then $50 per estimate sent OR 5–10% of jobs closed through the tool
• Guarantee: use it 30 days; if it doesn't replace your estimating bottleneck → setup refunded

You only pay real money when estimates go out / jobs close. I do the build. You keep roofing.

If that math is interesting for Stay Dry Roofing of Tampa Bay, reply YES and I'll send a 10-min Loom configured around residential re-roofs in Tampa (or grab 10 min here: calendly.com/uptisement/30min).

— Adil
P.S. Site I saw: https://staydryfl.com/"
,The Metal Roofers,Roofing,,,,,(615) 649-5002,https://www.themetalroofers.com/?utm_campaign=gmb,google_maps,new,Nashville,TN,150 Google reviews · rank 5,"roofer,icp,estimate-speed","Hey The Metal Roofers — saw you on Google for roof replacement in Nashville (150+ reviews, looks like a real shop).

When homeowner calls 3–4 roofers after hail/leak, first written price wins ~70%. If owner/sales still drives out, climbs, quotes 48 hrs later — you lose $12–15k jobs to whoever replies first.

Offer: I build you an AI estimator (photos → price while you're still on the ladder). DFY. You keep doing roofs.

De-risk: $500 setup, then $50/estimate OR 5–10% of jobs closed through it. If it doesn't replace your estimating bottleneck in 30 days and you used it, refund the setup.

Worth a 10-min look this week?",The Metal Roofers — first price wins the roof job in Nashville,"Subject: The Metal Roofers — first price wins the roof job in Nashville

Hi The Metal Roofers team,

Found you on Google Maps for residential roof replacement in Nashville, TN (150 reviews — solid local proof).

Not pitching ""AI"" or another CRM. Pitching closed jobs.

Problem: storm/leak homeowner shops 3–4 roofers. First written number usually wins. Owner or one sales guy still bottle-necking estimates = slow quotes = lost $12–15k tickets.

Offer (AI Estimator):
• I build + customize a quote tool for your pricing / photos
• Train you in ~30 minutes — done for you
• Goal: price in front of the lead while you're still on site

Pricing (performance, zero case-study needed):
• $500 setup (covers build)
• Then $50 per estimate sent OR 5–10% of jobs closed through the tool
• Guarantee: use it 30 days; if it doesn't replace your estimating bottleneck → setup refunded

You only pay real money when estimates go out / jobs close. I do the build. You keep roofing.

If that math is interesting for The Metal Roofers, reply YES and I'll send a 10-min Loom configured around residential re-roofs in Nashville (or grab 10 min here: calendly.com/uptisement/30min).

— Adil
P.S. Site I saw: https://www.themetalroofers.com/?utm_campaign=gmb"
,Patrick's Roofing,Roofing,,,,,(817) 528-2991,http://www.patricksroofing.com/,google_maps,new,Fort Worth,TX,121 Google reviews · rank 5,"roofer,icp,estimate-speed","Hey Patrick's Roofing — saw you on Google for roof replacement in Fort Worth (121+ reviews, looks like a real shop).

When homeowner calls 3–4 roofers after hail/leak, first written price wins ~70%. If owner/sales still drives out, climbs, quotes 48 hrs later — you lose $12–15k jobs to whoever replies first.

Offer: I build you an AI estimator (photos → price while you're still on the ladder). DFY. You keep doing roofs.

De-risk: $500 setup, then $50/estimate OR 5–10% of jobs closed through it. If it doesn't replace your estimating bottleneck in 30 days and you used it, refund the setup.

Worth a 10-min look this week?",Patrick's Roofing — first price wins the roof job in Fort Worth,"Subject: Patrick's Roofing — first price wins the roof job in Fort Worth

Hi Patrick's Roofing team,

Found you on Google Maps for residential roof replacement in Fort Worth, TX (121 reviews — solid local proof).

Not pitching ""AI"" or another CRM. Pitching closed jobs.

Problem: storm/leak homeowner shops 3–4 roofers. First written number usually wins. Owner or one sales guy still bottle-necking estimates = slow quotes = lost $12–15k tickets.

Offer (AI Estimator):
• I build + customize a quote tool for your pricing / photos
• Train you in ~30 minutes — done for you
• Goal: price in front of the lead while you're still on site

Pricing (performance, zero case-study needed):
• $500 setup (covers build)
• Then $50 per estimate sent OR 5–10% of jobs closed through the tool
• Guarantee: use it 30 days; if it doesn't replace your estimating bottleneck → setup refunded

You only pay real money when estimates go out / jobs close. I do the build. You keep roofing.

If that math is interesting for Patrick's Roofing, reply YES and I'll send a 10-min Loom configured around residential re-roofs in Fort Worth (or grab 10 min here: calendly.com/uptisement/30min).

— Adil
P.S. Site I saw: http://www.patricksroofing.com/"
,Volta Roofing LLC,Roofing,,,,,(816) 287-4081,https://www.voltaroofingllc.com/,google_maps,new,Kansas City,MO,88 Google reviews · rank 5,"roofer,icp,estimate-speed","Hey Volta Roofing — saw you on Google for roof replacement in Kansas City (88+ reviews, looks like a real shop).

When homeowner calls 3–4 roofers after hail/leak, first written price wins ~70%. If owner/sales still drives out, climbs, quotes 48 hrs later — you lose $12–15k jobs to whoever replies first.

Offer: I build you an AI estimator (photos → price while you're still on the ladder). DFY. You keep doing roofs.

De-risk: $500 setup, then $50/estimate OR 5–10% of jobs closed through it. If it doesn't replace your estimating bottleneck in 30 days and you used it, refund the setup.

Worth a 10-min look this week?",Volta Roofing — first price wins the roof job in Kansas City,"Subject: Volta Roofing — first price wins the roof job in Kansas City

Hi Volta Roofing team,

Found you on Google Maps for residential roof replacement in Kansas City, MO (88 reviews — solid local proof).

Not pitching ""AI"" or another CRM. Pitching closed jobs.

Problem: storm/leak homeowner shops 3–4 roofers. First written number usually wins. Owner or one sales guy still bottle-necking estimates = slow quotes = lost $12–15k tickets.

Offer (AI Estimator):
• I build + customize a quote tool for your pricing / photos
• Train you in ~30 minutes — done for you
• Goal: price in front of the lead while you're still on site

Pricing (performance, zero case-study needed):
• $500 setup (covers build)
• Then $50 per estimate sent OR 5–10% of jobs closed through the tool
• Guarantee: use it 30 days; if it doesn't replace your estimating bottleneck → setup refunded

You only pay real money when estimates go out / jobs close. I do the build. You keep roofing.

If that math is interesting for Volta Roofing, reply YES and I'll send a 10-min Loom configured around residential re-roofs in Kansas City (or grab 10 min here: calendly.com/uptisement/30min).

— Adil
P.S. Site I saw: https://www.voltaroofingllc.com/"
,Mr. GoodRoof,Roofing,,,,,(615) 824-8100,https://mrgoodroof.com/?utm_source=google&utm_medium=gmb,google_maps,new,Nashville,TN,392 Google reviews · rank 6,"roofer,icp,estimate-speed","Hey Mr. GoodRoof — saw you on Google for roof replacement in Nashville (392+ reviews, looks like a real shop).

When homeowner calls 3–4 roofers after hail/leak, first written price wins ~70%. If owner/sales still drives out, climbs, quotes 48 hrs later — you lose $12–15k jobs to whoever replies first.

Offer: I build you an AI estimator (photos → price while you're still on the ladder). DFY. You keep doing roofs.

De-risk: $500 setup, then $50/estimate OR 5–10% of jobs closed through it. If it doesn't replace your estimating bottleneck in 30 days and you used it, refund the setup.

Worth a 10-min look this week?",Mr. GoodRoof — first price wins the roof job in Nashville,"Subject: Mr. GoodRoof — first price wins the roof job in Nashville

Hi Mr. GoodRoof team,

Found you on Google Maps for residential roof replacement in Nashville, TN (392 reviews — solid local proof).

Not pitching ""AI"" or another CRM. Pitching closed jobs.

Problem: storm/leak homeowner shops 3–4 roofers. First written number usually wins. Owner or one sales guy still bottle-necking estimates = slow quotes = lost $12–15k tickets.

Offer (AI Estimator):
• I build + customize a quote tool for your pricing / photos
• Train you in ~30 minutes — done for you
• Goal: price in front of the lead while you're still on site

Pricing (performance, zero case-study needed):
• $500 setup (covers build)
• Then $50 per estimate sent OR 5–10% of jobs closed through the tool
• Guarantee: use it 30 days; if it doesn't replace your estimating bottleneck → setup refunded

You only pay real money when estimates go out / jobs close. I do the build. You keep roofing.

If that math is interesting for Mr. GoodRoof, reply YES and I'll send a 10-min Loom configured around residential re-roofs in Nashville (or grab 10 min here: calendly.com/uptisement/30min).

— Adil
P.S. Site I saw: https://mrgoodroof.com/?utm_source=google&utm_medium=gmb"
,Cardinal Roofing and Construction,Roofing,,,,,(614) 732-4422,https://www.cardinalrandc.com/,google_maps,new,Columbus,OH,213 Google reviews · rank 6,"roofer,icp,estimate-speed","Hey Cardinal Roofing and Construction — saw you on Google for roof replacement in Columbus (213+ reviews, looks like a real shop).

When homeowner calls 3–4 roofers after hail/leak, first written price wins ~70%. If owner/sales still drives out, climbs, quotes 48 hrs later — you lose $12–15k jobs to whoever replies first.

Offer: I build you an AI estimator (photos → price while you're still on the ladder). DFY. You keep doing roofs.

De-risk: $500 setup, then $50/estimate OR 5–10% of jobs closed through it. If it doesn't replace your estimating bottleneck in 30 days and you used it, refund the setup.

Worth a 10-min look this week?",Cardinal Roofing and Construction — first price wins the roof job in Columbus,"Subject: Cardinal Roofing and Construction — first price wins the roof job in Columbus

Hi Cardinal Roofing and Construction team,

Found you on Google Maps for residential roof replacement in Columbus, OH (213 reviews — solid local proof).

Not pitching ""AI"" or another CRM. Pitching closed jobs.

Problem: storm/leak homeowner shops 3–4 roofers. First written number usually wins. Owner or one sales guy still bottle-necking estimates = slow quotes = lost $12–15k tickets.

Offer (AI Estimator):
• I build + customize a quote tool for your pricing / photos
• Train you in ~30 minutes — done for you
• Goal: price in front of the lead while you're still on site

Pricing (performance, zero case-study needed):
• $500 setup (covers build)
• Then $50 per estimate sent OR 5–10% of jobs closed through the tool
• Guarantee: use it 30 days; if it doesn't replace your estimating bottleneck → setup refunded

You only pay real money when estimates go out / jobs close. I do the build. You keep roofing.

If that math is interesting for Cardinal Roofing and Construction, reply YES and I'll send a 10-min Loom configured around residential re-roofs in Columbus (or grab 10 min here: calendly.com/uptisement/30min).

— Adil
P.S. Site I saw: https://www.cardinalrandc.com/"
,Ultra Dry Roofing,Roofing,,,,,(317) 449-7663,https://ultradryroofing.com/,google_maps,new,Indianapolis,IN,94 Google reviews · rank 6,"roofer,icp,estimate-speed","Hey Ultra Dry Roofing — saw you on Google for roof replacement in Indianapolis (94+ reviews, looks like a real shop).

When homeowner calls 3–4 roofers after hail/leak, first written price wins ~70%. If owner/sales still drives out, climbs, quotes 48 hrs later — you lose $12–15k jobs to whoever replies first.

Offer: I build you an AI estimator (photos → price while you're still on the ladder). DFY. You keep doing roofs.

De-risk: $500 setup, then $50/estimate OR 5–10% of jobs closed through it. If it doesn't replace your estimating bottleneck in 30 days and you used it, refund the setup.

Worth a 10-min look this week?",Ultra Dry Roofing — first price wins the roof job in Indianapolis,"Subject: Ultra Dry Roofing — first price wins the roof job in Indianapolis

Hi Ultra Dry Roofing team,

Found you on Google Maps for residential roof replacement in Indianapolis, IN (94 reviews — solid local proof).

Not pitching ""AI"" or another CRM. Pitching closed jobs.

Problem: storm/leak homeowner shops 3–4 roofers. First written number usually wins. Owner or one sales guy still bottle-necking estimates = slow quotes = lost $12–15k tickets.

Offer (AI Estimator):
• I build + customize a quote tool for your pricing / photos
• Train you in ~30 minutes — done for you
• Goal: price in front of the lead while you're still on site

Pricing (performance, zero case-study needed):
• $500 setup (covers build)
• Then $50 per estimate sent OR 5–10% of jobs closed through the tool
• Guarantee: use it 30 days; if it doesn't replace your estimating bottleneck → setup refunded

You only pay real money when estimates go out / jobs close. I do the build. You keep roofing.

If that math is interesting for Ultra Dry Roofing, reply YES and I'll send a 10-min Loom configured around residential re-roofs in Indianapolis (or grab 10 min here: calendly.com/uptisement/30min).

— Adil
P.S. Site I saw: https://ultradryroofing.com/"
,Hedberg & Son,Roofing,,,,,(515) 265-0616,https://www.hedbergandson.com/,google_maps,new,Des Moines,IA,67 Google reviews · rank 6,"roofer,icp,estimate-speed","Hey Hedberg & Son — saw you on Google for roof replacement in Des Moines (67+ reviews, looks like a real shop).

When homeowner calls 3–4 roofers after hail/leak, first written price wins ~70%. If owner/sales still drives out, climbs, quotes 48 hrs later — you lose $12–15k jobs to whoever replies first.

Offer: I build you an AI estimator (photos → price while you're still on the ladder). DFY. You keep doing roofs.

De-risk: $500 setup, then $50/estimate OR 5–10% of jobs closed through it. If it doesn't replace your estimating bottleneck in 30 days and you used it, refund the setup.

Worth a 10-min look this week?",Hedberg & Son — first price wins the roof job in Des Moines,"Subject: Hedberg & Son — first price wins the roof job in Des Moines

Hi Hedberg & Son team,

Found you on Google Maps for residential roof replacement in Des Moines, IA (67 reviews — solid local proof).

Not pitching ""AI"" or another CRM. Pitching closed jobs.

Problem: storm/leak homeowner shops 3–4 roofers. First written number usually wins. Owner or one sales guy still bottle-necking estimates = slow quotes = lost $12–15k tickets.

Offer (AI Estimator):
• I build + customize a quote tool for your pricing / photos
• Train you in ~30 minutes — done for you
• Goal: price in front of the lead while you're still on site

Pricing (performance, zero case-study needed):
• $500 setup (covers build)
• Then $50 per estimate sent OR 5–10% of jobs closed through the tool
• Guarantee: use it 30 days; if it doesn't replace your estimating bottleneck → setup refunded

You only pay real money when estimates go out / jobs close. I do the build. You keep roofing.

If that math is interesting for Hedberg & Son, reply YES and I'll send a 10-min Loom configured around residential re-roofs in Des Moines (or grab 10 min here: calendly.com/uptisement/30min).

— Adil
P.S. Site I saw: https://www.hedbergandson.com/"
,Frederick Roofing Company,Roofing,,,,,(502) 451-3992,https://www.gfrederickroofing.com/,google_maps,new,Louisville,KY,58 Google reviews · rank 6,"roofer,icp,estimate-speed","Hey Frederick Roofing Company — saw you on Google for roof replacement in Louisville (58+ reviews, looks like a real shop).

When homeowner calls 3–4 roofers after hail/leak, first written price wins ~70%. If owner/sales still drives out, climbs, quotes 48 hrs later — you lose $12–15k jobs to whoever replies first.

Offer: I build you an AI estimator (photos → price while you're still on the ladder). DFY. You keep doing roofs.

De-risk: $500 setup, then $50/estimate OR 5–10% of jobs closed through it. If it doesn't replace your estimating bottleneck in 30 days and you used it, refund the setup.

Worth a 10-min look this week?",Frederick Roofing Company — first price wins the roof job in Louisville,"Subject: Frederick Roofing Company — first price wins the roof job in Louisville

Hi Frederick Roofing Company team,

Found you on Google Maps for residential roof replacement in Louisville, KY (58 reviews — solid local proof).

Not pitching ""AI"" or another CRM. Pitching closed jobs.

Problem: storm/leak homeowner shops 3–4 roofers. First written number usually wins. Owner or one sales guy still bottle-necking estimates = slow quotes = lost $12–15k tickets.

Offer (AI Estimator):
• I build + customize a quote tool for your pricing / photos
• Train you in ~30 minutes — done for you
• Goal: price in front of the lead while you're still on site

Pricing (performance, zero case-study needed):
• $500 setup (covers build)
• Then $50 per estimate sent OR 5–10% of jobs closed through the tool
• Guarantee: use it 30 days; if it doesn't replace your estimating bottleneck → setup refunded

You only pay real money when estimates go out / jobs close. I do the build. You keep roofing.

If that math is interesting for Frederick Roofing Company, reply YES and I'll send a 10-min Loom configured around residential re-roofs in Louisville (or grab 10 min here: calendly.com/uptisement/30min).

— Adil
P.S. Site I saw: https://www.gfrederickroofing.com/"
,Bone Dry Roofing,Roofing,,,,,(629) 225-7067,https://www.bonedry.com/nashville/?utm_source=directories&utm_medium=directories&utm_id=BDR-DIG-DIR-GENI-NASH-PHO-GMB-202402-GBPLISTINGNASHVILLE,google_maps,new,Nashville,TN,320 Google reviews · rank 7,"roofer,icp,estimate-speed","Hey Bone Dry Roofing — saw you on Google for roof replacement in Nashville (320+ reviews, looks like a real shop).

When homeowner calls 3–4 roofers after hail/leak, first written price wins ~70%. If owner/sales still drives out, climbs, quotes 48 hrs later — you lose $12–15k jobs to whoever replies first.

Offer: I build you an AI estimator (photos → price while you're still on the ladder). DFY. You keep doing roofs.

De-risk: $500 setup, then $50/estimate OR 5–10% of jobs closed through it. If it doesn't replace your estimating bottleneck in 30 days and you used it, refund the setup.

Worth a 10-min look this week?",Bone Dry Roofing — first price wins the roof job in Nashville,"Subject: Bone Dry Roofing — first price wins the roof job in Nashville

Hi Bone Dry Roofing team,

Found you on Google Maps for residential roof replacement in Nashville, TN (320 reviews — solid local proof).

Not pitching ""AI"" or another CRM. Pitching closed jobs.

Problem: storm/leak homeowner shops 3–4 roofers. First written number usually wins. Owner or one sales guy still bottle-necking estimates = slow quotes = lost $12–15k tickets.

Offer (AI Estimator):
• I build + customize a quote tool for your pricing / photos
• Train you in ~30 minutes — done for you
• Goal: price in front of the lead while you're still on site

Pricing (performance, zero case-study needed):
• $500 setup (covers build)
• Then $50 per estimate sent OR 5–10% of jobs closed through the tool
• Guarantee: use it 30 days; if it doesn't replace your estimating bottleneck → setup refunded

You only pay real money when estimates go out / jobs close. I do the build. You keep roofing.

If that math is interesting for Bone Dry Roofing, reply YES and I'll send a 10-min Loom configured around residential re-roofs in Nashville (or grab 10 min here: calendly.com/uptisement/30min).

— Adil
P.S. Site I saw: https://www.bonedry.com/nashville/?utm_source=directories&utm_medium=directories&utm_id=BDR-DIG-DIR-GENI-NASH-PHO-GMB-202402-GBPLISTINGNASHVILLE"
,T Rock Roofing & Contracting,Roofing,,,,,(469) 931-9867,http://www.dallasroofer.com/,google_maps,new,Fort Worth,TX,196 Google reviews · rank 7,"roofer,icp,estimate-speed","Hey T Rock Roofing & Contracting — saw you on Google for roof replacement in Fort Worth (196+ reviews, looks like a real shop).

When homeowner calls 3–4 roofers after hail/leak, first written price wins ~70%. If owner/sales still drives out, climbs, quotes 48 hrs later — you lose $12–15k jobs to whoever replies first.

Offer: I build you an AI estimator (photos → price while you're still on the ladder). DFY. You keep doing roofs.

De-risk: $500 setup, then $50/estimate OR 5–10% of jobs closed through it. If it doesn't replace your estimating bottleneck in 30 days and you used it, refund the setup.

Worth a 10-min look this week?",T Rock Roofing & Contracting — first price wins the roof job in Fort Worth,"Subject: T Rock Roofing & Contracting — first price wins the roof job in Fort Worth

Hi T Rock Roofing & Contracting team,

Found you on Google Maps for residential roof replacement in Fort Worth, TX (196 reviews — solid local proof).

Not pitching ""AI"" or another CRM. Pitching closed jobs.

Problem: storm/leak homeowner shops 3–4 roofers. First written number usually wins. Owner or one sales guy still bottle-necking estimates = slow quotes = lost $12–15k tickets.

Offer (AI Estimator):
• I build + customize a quote tool for your pricing / photos
• Train you in ~30 minutes — done for you
• Goal: price in front of the lead while you're still on site

Pricing (performance, zero case-study needed):
• $500 setup (covers build)
• Then $50 per estimate sent OR 5–10% of jobs closed through the tool
• Guarantee: use it 30 days; if it doesn't replace your estimating bottleneck → setup refunded

You only pay real money when estimates go out / jobs close. I do the build. You keep roofing.

If that math is interesting for T Rock Roofing & Contracting, reply YES and I'll send a 10-min Loom configured around residential re-roofs in Fort Worth (or grab 10 min here: calendly.com/uptisement/30min).

— Adil
P.S. Site I saw: http://www.dallasroofer.com/"
,Revive Roofing LLC,Roofing,,,,,(614) 319-3136,https://reviveroofingllc.com/,google_maps,new,Hilliard,OH,76 Google reviews · rank 7,"roofer,icp,estimate-speed","Hey Revive Roofing — saw you on Google for roof replacement in Hilliard (76+ reviews, looks like a real shop).

When homeowner calls 3–4 roofers after hail/leak, first written price wins ~70%. If owner/sales still drives out, climbs, quotes 48 hrs later — you lose $12–15k jobs to whoever replies first.

Offer: I build you an AI estimator (photos → price while you're still on the ladder). DFY. You keep doing roofs.

De-risk: $500 setup, then $50/estimate OR 5–10% of jobs closed through it. If it doesn't replace your estimating bottleneck in 30 days and you used it, refund the setup.

Worth a 10-min look this week?",Revive Roofing — first price wins the roof job in Hilliard,"Subject: Revive Roofing — first price wins the roof job in Hilliard

Hi Revive Roofing team,

Found you on Google Maps for residential roof replacement in Hilliard, OH (76 reviews — solid local proof).

Not pitching ""AI"" or another CRM. Pitching closed jobs.

Problem: storm/leak homeowner shops 3–4 roofers. First written number usually wins. Owner or one sales guy still bottle-necking estimates = slow quotes = lost $12–15k tickets.

Offer (AI Estimator):
• I build + customize a quote tool for your pricing / photos
• Train you in ~30 minutes — done for you
• Goal: price in front of the lead while you're still on site

Pricing (performance, zero case-study needed):
• $500 setup (covers build)
• Then $50 per estimate sent OR 5–10% of jobs closed through the tool
• Guarantee: use it 30 days; if it doesn't replace your estimating bottleneck → setup refunded

You only pay real money when estimates go out / jobs close. I do the build. You keep roofing.

If that math is interesting for Revive Roofing, reply YES and I'll send a 10-min Loom configured around residential re-roofs in Hilliard (or grab 10 min here: calendly.com/uptisement/30min).

— Adil
P.S. Site I saw: https://reviveroofingllc.com/"
,JLJ Construction Services,Roofing,,,,,(615) 856-3465,http://jljconstructionservices.com/,google_maps,new,Madison,TN,75 Google reviews · rank 7,"roofer,icp,estimate-speed","Hey JLJ Construction Services — saw you on Google for roof replacement in Madison (75+ reviews, looks like a real shop).

When homeowner calls 3–4 roofers after hail/leak, first written price wins ~70%. If owner/sales still drives out, climbs, quotes 48 hrs later — you lose $12–15k jobs to whoever replies first.

Offer: I build you an AI estimator (photos → price while you're still on the ladder). DFY. You keep doing roofs.

De-risk: $500 setup, then $50/estimate OR 5–10% of jobs closed through it. If it doesn't replace your estimating bottleneck in 30 days and you used it, refund the setup.

Worth a 10-min look this week?",JLJ Construction Services — first price wins the roof job in Madison,"Subject: JLJ Construction Services — first price wins the roof job in Madison

Hi JLJ Construction Services team,

Found you on Google Maps for residential roof replacement in Madison, TN (75 reviews — solid local proof).

Not pitching ""AI"" or another CRM. Pitching closed jobs.

Problem: storm/leak homeowner shops 3–4 roofers. First written number usually wins. Owner or one sales guy still bottle-necking estimates = slow quotes = lost $12–15k tickets.

Offer (AI Estimator):
• I build + customize a quote tool for your pricing / photos
• Train you in ~30 minutes — done for you
• Goal: price in front of the lead while you're still on site

Pricing (performance, zero case-study needed):
• $500 setup (covers build)
• Then $50 per estimate sent OR 5–10% of jobs closed through the tool
• Guarantee: use it 30 days; if it doesn't replace your estimating bottleneck → setup refunded

You only pay real money when estimates go out / jobs close. I do the build. You keep roofing.

If that math is interesting for JLJ Construction Services, reply YES and I'll send a 10-min Loom configured around residential re-roofs in Madison (or grab 10 min here: calendly.com/uptisement/30min).

— Adil
P.S. Site I saw: http://jljconstructionservices.com/"
,Steadfast Roofing,Roofing,,,,,(813) 726-4590,https://steadfastroofingfl.com/roofing/tampa/,google_maps,new,Tampa,FL,56 Google reviews · rank 7,"roofer,icp,estimate-speed","Hey Steadfast Roofing — saw you on Google for roof replacement in Tampa (56+ reviews, looks like a real shop).

When homeowner calls 3–4 roofers after hail/leak, first written price wins ~70%. If owner/sales still drives out, climbs, quotes 48 hrs later — you lose $12–15k jobs to whoever replies first.

Offer: I build you an AI estimator (photos → price while you're still on the ladder). DFY. You keep doing roofs.

De-risk: $500 setup, then $50/estimate OR 5–10% of jobs closed through it. If it doesn't replace your estimating bottleneck in 30 days and you used it, refund the setup.

Worth a 10-min look this week?",Steadfast Roofing — first price wins the roof job in Tampa,"Subject: Steadfast Roofing — first price wins the roof job in Tampa

Hi Steadfast Roofing team,

Found you on Google Maps for residential roof replacement in Tampa, FL (56 reviews — solid local proof).

Not pitching ""AI"" or another CRM. Pitching closed jobs.

Problem: storm/leak homeowner shops 3–4 roofers. First written number usually wins. Owner or one sales guy still bottle-necking estimates = slow quotes = lost $12–15k tickets.

Offer (AI Estimator):
• I build + customize a quote tool for your pricing / photos
• Train you in ~30 minutes — done for you
• Goal: price in front of the lead while you're still on site

Pricing (performance, zero case-study needed):
• $500 setup (covers build)
• Then $50 per estimate sent OR 5–10% of jobs closed through the tool
• Guarantee: use it 30 days; if it doesn't replace your estimating bottleneck → setup refunded

You only pay real money when estimates go out / jobs close. I do the build. You keep roofing.

If that math is interesting for Steadfast Roofing, reply YES and I'll send a 10-min Loom configured around residential re-roofs in Tampa (or grab 10 min here: calendly.com/uptisement/30min).

— Adil
P.S. Site I saw: https://steadfastroofingfl.com/roofing/tampa/"
,Skywalker Roofing Company,Roofing,,,,,(336) 815-4516,https://skywalkerroofingnc.com/raleigh-roofing-company?utm_campaign=gmb,google_maps,new,Raleigh,NC,40 Google reviews · rank 7,"roofer,icp,estimate-speed","Hey Skywalker Roofing Company — saw you on Google for roof replacement in Raleigh (40+ reviews, looks like a real shop).

When homeowner calls 3–4 roofers after hail/leak, first written price wins ~70%. If owner/sales still drives out, climbs, quotes 48 hrs later — you lose $12–15k jobs to whoever replies first.

Offer: I build you an AI estimator (photos → price while you're still on the ladder). DFY. You keep doing roofs.

De-risk: $500 setup, then $50/estimate OR 5–10% of jobs closed through it. If it doesn't replace your estimating bottleneck in 30 days and you used it, refund the setup.

Worth a 10-min look this week?",Skywalker Roofing Company — first price wins the roof job in Raleigh,"Subject: Skywalker Roofing Company — first price wins the roof job in Raleigh

Hi Skywalker Roofing Company team,

Found you on Google Maps for residential roof replacement in Raleigh, NC (40 reviews — solid local proof).

Not pitching ""AI"" or another CRM. Pitching closed jobs.

Problem: storm/leak homeowner shops 3–4 roofers. First written number usually wins. Owner or one sales guy still bottle-necking estimates = slow quotes = lost $12–15k tickets.

Offer (AI Estimator):
• I build + customize a quote tool for your pricing / photos
• Train you in ~30 minutes — done for you
• Goal: price in front of the lead while you're still on site

Pricing (performance, zero case-study needed):
• $500 setup (covers build)
• Then $50 per estimate sent OR 5–10% of jobs closed through the tool
• Guarantee: use it 30 days; if it doesn't replace your estimating bottleneck → setup refunded

You only pay real money when estimates go out / jobs close. I do the build. You keep roofing.

If that math is interesting for Skywalker Roofing Company, reply YES and I'll send a 10-min Loom configured around residential re-roofs in Raleigh (or grab 10 min here: calendly.com/uptisement/30min).

— Adil
P.S. Site I saw: https://skywalkerroofingnc.com/raleigh-roofing-company?utm_campaign=gmb"
,Hiner Roofing Moore,Roofing,,,,,(405) 300-5971,https://hinerroofing.com/roofing-moore/,google_maps,new,Moore,OK,200 Google reviews · rank 8,"roofer,icp,estimate-speed","Hey Hiner Roofing Moore — saw you on Google for roof replacement in Moore (200+ reviews, looks like a real shop).

When homeowner calls 3–4 roofers after hail/leak, first written price wins ~70%. If owner/sales still drives out, climbs, quotes 48 hrs later — you lose $12–15k jobs to whoever replies first.

Offer: I build you an AI estimator (photos → price while you're still on the ladder). DFY. You keep doing roofs.

De-risk: $500 setup, then $50/estimate OR 5–10% of jobs closed through it. If it doesn't replace your estimating bottleneck in 30 days and you used it, refund the setup.

Worth a 10-min look this week?",Hiner Roofing Moore — first price wins the roof job in Moore,"Subject: Hiner Roofing Moore — first price wins the roof job in Moore

Hi Hiner Roofing Moore team,

Found you on Google Maps for residential roof replacement in Moore, OK (200 reviews — solid local proof).

Not pitching ""AI"" or another CRM. Pitching closed jobs.

Problem: storm/leak homeowner shops 3–4 roofers. First written number usually wins. Owner or one sales guy still bottle-necking estimates = slow quotes = lost $12–15k tickets.

Offer (AI Estimator):
• I build + customize a quote tool for your pricing / photos
• Train you in ~30 minutes — done for you
• Goal: price in front of the lead while you're still on site

Pricing (performance, zero case-study needed):
• $500 setup (covers build)
• Then $50 per estimate sent OR 5–10% of jobs closed through the tool
• Guarantee: use it 30 days; if it doesn't replace your estimating bottleneck → setup refunded

You only pay real money when estimates go out / jobs close. I do the build. You keep roofing.

If that math is interesting for Hiner Roofing Moore, reply YES and I'll send a 10-min Loom configured around residential re-roofs in Moore (or grab 10 min here: calendly.com/uptisement/30min).

— Adil
P.S. Site I saw: https://hinerroofing.com/roofing-moore/"
,Andrew's Roofing Company,Roofing,,,,,(515) 664-7968,http://andrewsroofingdm.com/,google_maps,new,Des Moines,IA,163 Google reviews · rank 8,"roofer,icp,estimate-speed","Hey Andrew's Roofing Company — saw you on Google for roof replacement in Des Moines (163+ reviews, looks like a real shop).

When homeowner calls 3–4 roofers after hail/leak, first written price wins ~70%. If owner/sales still drives out, climbs, quotes 48 hrs later — you lose $12–15k jobs to whoever replies first.

Offer: I build you an AI estimator (photos → price while you're still on the ladder). DFY. You keep doing roofs.

De-risk: $500 setup, then $50/estimate OR 5–10% of jobs closed through it. If it doesn't replace your estimating bottleneck in 30 days and you used it, refund the setup.

Worth a 10-min look this week?",Andrew's Roofing Company — first price wins the roof job in Des Moines,"Subject: Andrew's Roofing Company — first price wins the roof job in Des Moines

Hi Andrew's Roofing Company team,

Found you on Google Maps for residential roof replacement in Des Moines, IA (163 reviews — solid local proof).

Not pitching ""AI"" or another CRM. Pitching closed jobs.

Problem: storm/leak homeowner shops 3–4 roofers. First written number usually wins. Owner or one sales guy still bottle-necking estimates = slow quotes = lost $12–15k tickets.

Offer (AI Estimator):
• I build + customize a quote tool for your pricing / photos
• Train you in ~30 minutes — done for you
• Goal: price in front of the lead while you're still on site

Pricing (performance, zero case-study needed):
• $500 setup (covers build)
• Then $50 per estimate sent OR 5–10% of jobs closed through the tool
• Guarantee: use it 30 days; if it doesn't replace your estimating bottleneck → setup refunded

You only pay real money when estimates go out / jobs close. I do the build. You keep roofing.

If that math is interesting for Andrew's Roofing Company, reply YES and I'll send a 10-min Loom configured around residential re-roofs in Des Moines (or grab 10 min here: calendly.com/uptisement/30min).

— Adil
P.S. Site I saw: http://andrewsroofingdm.com/"
,Top Tier Roofing Solutions,Roofing,,,,,(704) 440-3387,https://www.toptier-roofingsolutions.com/,google_maps,new,Charlotte,NC,132 Google reviews · rank 8,"roofer,icp,estimate-speed","Hey Top Tier Roofing Solutions — saw you on Google for roof replacement in Charlotte (132+ reviews, looks like a real shop).

When homeowner calls 3–4 roofers after hail/leak, first written price wins ~70%. If owner/sales still drives out, climbs, quotes 48 hrs later — you lose $12–15k jobs to whoever replies first.

Offer: I build you an AI estimator (photos → price while you're still on the ladder). DFY. You keep doing roofs.

De-risk: $500 setup, then $50/estimate OR 5–10% of jobs closed through it. If it doesn't replace your estimating bottleneck in 30 days and you used it, refund the setup.

Worth a 10-min look this week?",Top Tier Roofing Solutions — first price wins the roof job in Charlotte,"Subject: Top Tier Roofing Solutions — first price wins the roof job in Charlotte

Hi Top Tier Roofing Solutions team,

Found you on Google Maps for residential roof replacement in Charlotte, NC (132 reviews — solid local proof).

Not pitching ""AI"" or another CRM. Pitching closed jobs.

Problem: storm/leak homeowner shops 3–4 roofers. First written number usually wins. Owner or one sales guy still bottle-necking estimates = slow quotes = lost $12–15k tickets.

Offer (AI Estimator):
• I build + customize a quote tool for your pricing / photos
• Train you in ~30 minutes — done for you
• Goal: price in front of the lead while you're still on site

Pricing (performance, zero case-study needed):
• $500 setup (covers build)
• Then $50 per estimate sent OR 5–10% of jobs closed through the tool
• Guarantee: use it 30 days; if it doesn't replace your estimating bottleneck → setup refunded

You only pay real money when estimates go out / jobs close. I do the build. You keep roofing.

If that math is interesting for Top Tier Roofing Solutions, reply YES and I'll send a 10-min Loom configured around residential re-roofs in Charlotte (or grab 10 min here: calendly.com/uptisement/30min).

— Adil
P.S. Site I saw: https://www.toptier-roofingsolutions.com/"
,Cloud9 Roofing LLC,Roofing,,,,,(816) 239-2083,https://www.cloud9roofingllc.com/,google_maps,new,Kansas City,MO,125 Google reviews · rank 8,"roofer,icp,estimate-speed","Hey Cloud9 Roofing — saw you on Google for roof replacement in Kansas City (125+ reviews, looks like a real shop).

When homeowner calls 3–4 roofers after hail/leak, first written price wins ~70%. If owner/sales still drives out, climbs, quotes 48 hrs later — you lose $12–15k jobs to whoever replies first.

Offer: I build you an AI estimator (photos → price while you're still on the ladder). DFY. You keep doing roofs.

De-risk: $500 setup, then $50/estimate OR 5–10% of jobs closed through it. If it doesn't replace your estimating bottleneck in 30 days and you used it, refund the setup.

Worth a 10-min look this week?",Cloud9 Roofing — first price wins the roof job in Kansas City,"Subject: Cloud9 Roofing — first price wins the roof job in Kansas City

Hi Cloud9 Roofing team,

Found you on Google Maps for residential roof replacement in Kansas City, MO (125 reviews — solid local proof).

Not pitching ""AI"" or another CRM. Pitching closed jobs.

Problem: storm/leak homeowner shops 3–4 roofers. First written number usually wins. Owner or one sales guy still bottle-necking estimates = slow quotes = lost $12–15k tickets.

Offer (AI Estimator):
• I build + customize a quote tool for your pricing / photos
• Train you in ~30 minutes — done for you
• Goal: price in front of the lead while you're still on site

Pricing (performance, zero case-study needed):
• $500 setup (covers build)
• Then $50 per estimate sent OR 5–10% of jobs closed through the tool
• Guarantee: use it 30 days; if it doesn't replace your estimating bottleneck → setup refunded

You only pay real money when estimates go out / jobs close. I do the build. You keep roofing.

If that math is interesting for Cloud9 Roofing, reply YES and I'll send a 10-min Loom configured around residential re-roofs in Kansas City (or grab 10 min here: calendly.com/uptisement/30min).

— Adil
P.S. Site I saw: https://www.cloud9roofingllc.com/"
,Modern Roofing,Roofing,,,,,(629) 263-1222,https://modernroofingusa.com/locations/roofer-nashville-tn/,google_maps,new,Nashville,TN,116 Google reviews · rank 8,"roofer,icp,estimate-speed","Hey Modern Roofing — saw you on Google for roof replacement in Nashville (116+ reviews, looks like a real shop).

When homeowner calls 3–4 roofers after hail/leak, first written price wins ~70%. If owner/sales still drives out, climbs, quotes 48 hrs later — you lose $12–15k jobs to whoever replies first.

Offer: I build you an AI estimator (photos → price while you're still on the ladder). DFY. You keep doing roofs.

De-risk: $500 setup, then $50/estimate OR 5–10% of jobs closed through it. If it doesn't replace your estimating bottleneck in 30 days and you used it, refund the setup.

Worth a 10-min look this week?",Modern Roofing — first price wins the roof job in Nashville,"Subject: Modern Roofing — first price wins the roof job in Nashville

Hi Modern Roofing team,

Found you on Google Maps for residential roof replacement in Nashville, TN (116 reviews — solid local proof).

Not pitching ""AI"" or another CRM. Pitching closed jobs.

Problem: storm/leak homeowner shops 3–4 roofers. First written number usually wins. Owner or one sales guy still bottle-necking estimates = slow quotes = lost $12–15k tickets.

Offer (AI Estimator):
• I build + customize a quote tool for your pricing / photos
• Train you in ~30 minutes — done for you
• Goal: price in front of the lead while you're still on site

Pricing (performance, zero case-study needed):
• $500 setup (covers build)
• Then $50 per estimate sent OR 5–10% of jobs closed through the tool
• Guarantee: use it 30 days; if it doesn't replace your estimating bottleneck → setup refunded

You only pay real money when estimates go out / jobs close. I do the build. You keep roofing.

If that math is interesting for Modern Roofing, reply YES and I'll send a 10-min Loom configured around residential re-roofs in Nashville (or grab 10 min here: calendly.com/uptisement/30min).

— Adil
P.S. Site I saw: https://modernroofingusa.com/locations/roofer-nashville-tn/"
,High Pointe Roofing and Construction,Roofing,,,,,(817) 902-8843,http://www.callhp.com/,google_maps,new,Fort Worth,TX,112 Google reviews · rank 8,"roofer,icp,estimate-speed","Hey High Pointe Roofing and Construction — saw you on Google for roof replacement in Fort Worth (112+ reviews, looks like a real shop).

When homeowner calls 3–4 roofers after hail/leak, first written price wins ~70%. If owner/sales still drives out, climbs, quotes 48 hrs later — you lose $12–15k jobs to whoever replies first.

Offer: I build you an AI estimator (photos → price while you're still on the ladder). DFY. You keep doing roofs.

De-risk: $500 setup, then $50/estimate OR 5–10% of jobs closed through it. If it doesn't replace your estimating bottleneck in 30 days and you used it, refund the setup.

Worth a 10-min look this week?",High Pointe Roofing and Construction — first price wins the roof job in Fort Worth,"Subject: High Pointe Roofing and Construction — first price wins the roof job in Fort Worth

Hi High Pointe Roofing and Construction team,

Found you on Google Maps for residential roof replacement in Fort Worth, TX (112 reviews — solid local proof).

Not pitching ""AI"" or another CRM. Pitching closed jobs.

Problem: storm/leak homeowner shops 3–4 roofers. First written number usually wins. Owner or one sales guy still bottle-necking estimates = slow quotes = lost $12–15k tickets.

Offer (AI Estimator):
• I build + customize a quote tool for your pricing / photos
• Train you in ~30 minutes — done for you
• Goal: price in front of the lead while you're still on site

Pricing (performance, zero case-study needed):
• $500 setup (covers build)
• Then $50 per estimate sent OR 5–10% of jobs closed through the tool
• Guarantee: use it 30 days; if it doesn't replace your estimating bottleneck → setup refunded

You only pay real money when estimates go out / jobs close. I do the build. You keep roofing.

If that math is interesting for High Pointe Roofing and Construction, reply YES and I'll send a 10-min Loom configured around residential re-roofs in Fort Worth (or grab 10 min here: calendly.com/uptisement/30min).

— Adil
P.S. Site I saw: http://www.callhp.com/"
,Fonseca Family Roofing,Roofing,,,,,(804) 207-8200,https://fonsecaroofing.homes/,google_maps,new,Richmond,VA,97 Google reviews · rank 8,"roofer,icp,estimate-speed","Hey Fonseca Family Roofing — saw you on Google for roof replacement in Richmond (97+ reviews, looks like a real shop).

When homeowner calls 3–4 roofers after hail/leak, first written price wins ~70%. If owner/sales still drives out, climbs, quotes 48 hrs later — you lose $12–15k jobs to whoever replies first.

Offer: I build you an AI estimator (photos → price while you're still on the ladder). DFY. You keep doing roofs.

De-risk: $500 setup, then $50/estimate OR 5–10% of jobs closed through it. If it doesn't replace your estimating bottleneck in 30 days and you used it, refund the setup.

Worth a 10-min look this week?",Fonseca Family Roofing — first price wins the roof job in Richmond,"Subject: Fonseca Family Roofing — first price wins the roof job in Richmond

Hi Fonseca Family Roofing team,

Found you on Google Maps for residential roof replacement in Richmond, VA (97 reviews — solid local proof).

Not pitching ""AI"" or another CRM. Pitching closed jobs.

Problem: storm/leak homeowner shops 3–4 roofers. First written number usually wins. Owner or one sales guy still bottle-necking estimates = slow quotes = lost $12–15k tickets.

Offer (AI Estimator):
• I build + customize a quote tool for your pricing / photos
• Train you in ~30 minutes — done for you
• Goal: price in front of the lead while you're still on site

Pricing (performance, zero case-study needed):
• $500 setup (covers build)
• Then $50 per estimate sent OR 5–10% of jobs closed through the tool
• Guarantee: use it 30 days; if it doesn't replace your estimating bottleneck → setup refunded

You only pay real money when estimates go out / jobs close. I do the build. You keep roofing.

If that math is interesting for Fonseca Family Roofing, reply YES and I'll send a 10-min Loom configured around residential re-roofs in Richmond (or grab 10 min here: calendly.com/uptisement/30min).

— Adil
P.S. Site I saw: https://fonsecaroofing.homes/"
,"CM Contracting, Inc",Roofing,,,,,(813) 362-9702,https://www.cmcincfl.com/,google_maps,new,Tampa,FL,90 Google reviews · rank 8,"roofer,icp,estimate-speed","Hey CM Contracting — saw you on Google for roof replacement in Tampa (90+ reviews, looks like a real shop).

When homeowner calls 3–4 roofers after hail/leak, first written price wins ~70%. If owner/sales still drives out, climbs, quotes 48 hrs later — you lose $12–15k jobs to whoever replies first.

Offer: I build you an AI estimator (photos → price while you're still on the ladder). DFY. You keep doing roofs.

De-risk: $500 setup, then $50/estimate OR 5–10% of jobs closed through it. If it doesn't replace your estimating bottleneck in 30 days and you used it, refund the setup.

Worth a 10-min look this week?",CM Contracting — first price wins the roof job in Tampa,"Subject: CM Contracting — first price wins the roof job in Tampa

Hi CM Contracting team,

Found you on Google Maps for residential roof replacement in Tampa, FL (90 reviews — solid local proof).

Not pitching ""AI"" or another CRM. Pitching closed jobs.

Problem: storm/leak homeowner shops 3–4 roofers. First written number usually wins. Owner or one sales guy still bottle-necking estimates = slow quotes = lost $12–15k tickets.

Offer (AI Estimator):
• I build + customize a quote tool for your pricing / photos
• Train you in ~30 minutes — done for you
• Goal: price in front of the lead while you're still on site

Pricing (performance, zero case-study needed):
• $500 setup (covers build)
• Then $50 per estimate sent OR 5–10% of jobs closed through the tool
• Guarantee: use it 30 days; if it doesn't replace your estimating bottleneck → setup refunded

You only pay real money when estimates go out / jobs close. I do the build. You keep roofing.

If that math is interesting for CM Contracting, reply YES and I'll send a 10-min Loom configured around residential re-roofs in Tampa (or grab 10 min here: calendly.com/uptisement/30min).

— Adil
P.S. Site I saw: https://www.cmcincfl.com/"
,Whitaker Roofing Company,Roofing,,,,,(615) 398-4332,https://wrcroofing.com/roofing-in-tennessee/,google_maps,new,Nashville,TN,79 Google reviews · rank 8,"roofer,icp,estimate-speed","Hey Whitaker Roofing Company — saw you on Google for roof replacement in Nashville (79+ reviews, looks like a real shop).

When homeowner calls 3–4 roofers after hail/leak, first written price wins ~70%. If owner/sales still drives out, climbs, quotes 48 hrs later — you lose $12–15k jobs to whoever replies first.

Offer: I build you an AI estimator (photos → price while you're still on the ladder). DFY. You keep doing roofs.

De-risk: $500 setup, then $50/estimate OR 5–10% of jobs closed through it. If it doesn't replace your estimating bottleneck in 30 days and you used it, refund the setup.

Worth a 10-min look this week?",Whitaker Roofing Company — first price wins the roof job in Nashville,"Subject: Whitaker Roofing Company — first price wins the roof job in Nashville

Hi Whitaker Roofing Company team,

Found you on Google Maps for residential roof replacement in Nashville, TN (79 reviews — solid local proof).

Not pitching ""AI"" or another CRM. Pitching closed jobs.

Problem: storm/leak homeowner shops 3–4 roofers. First written number usually wins. Owner or one sales guy still bottle-necking estimates = slow quotes = lost $12–15k tickets.

Offer (AI Estimator):
• I build + customize a quote tool for your pricing / photos
• Train you in ~30 minutes — done for you
• Goal: price in front of the lead while you're still on site

Pricing (performance, zero case-study needed):
• $500 setup (covers build)
• Then $50 per estimate sent OR 5–10% of jobs closed through the tool
• Guarantee: use it 30 days; if it doesn't replace your estimating bottleneck → setup refunded

You only pay real money when estimates go out / jobs close. I do the build. You keep roofing.

If that math is interesting for Whitaker Roofing Company, reply YES and I'll send a 10-min Loom configured around residential re-roofs in Nashville (or grab 10 min here: calendly.com/uptisement/30min).

— Adil
P.S. Site I saw: https://wrcroofing.com/roofing-in-tennessee/"
,Roof Revivers,Roofing,,,,,(919) 794-5754,https://roofrevivers.com/raleigh/,google_maps,new,Raleigh,NC,53 Google reviews · rank 8,"roofer,icp,estimate-speed","Hey Roof Revivers — saw you on Google for roof replacement in Raleigh (53+ reviews, looks like a real shop).

When homeowner calls 3–4 roofers after hail/leak, first written price wins ~70%. If owner/sales still drives out, climbs, quotes 48 hrs later — you lose $12–15k jobs to whoever replies first.

Offer: I build you an AI estimator (photos → price while you're still on the ladder). DFY. You keep doing roofs.

De-risk: $500 setup, then $50/estimate OR 5–10% of jobs closed through it. If it doesn't replace your estimating bottleneck in 30 days and you used it, refund the setup.

Worth a 10-min look this week?",Roof Revivers — first price wins the roof job in Raleigh,"Subject: Roof Revivers — first price wins the roof job in Raleigh

Hi Roof Revivers team,

Found you on Google Maps for residential roof replacement in Raleigh, NC (53 reviews — solid local proof).

Not pitching ""AI"" or another CRM. Pitching closed jobs.

Problem: storm/leak homeowner shops 3–4 roofers. First written number usually wins. Owner or one sales guy still bottle-necking estimates = slow quotes = lost $12–15k tickets.

Offer (AI Estimator):
• I build + customize a quote tool for your pricing / photos
• Train you in ~30 minutes — done for you
• Goal: price in front of the lead while you're still on site

Pricing (performance, zero case-study needed):
• $500 setup (covers build)
• Then $50 per estimate sent OR 5–10% of jobs closed through the tool
• Guarantee: use it 30 days; if it doesn't replace your estimating bottleneck → setup refunded

You only pay real money when estimates go out / jobs close. I do the build. You keep roofing.

If that math is interesting for Roof Revivers, reply YES and I'll send a 10-min Loom configured around residential re-roofs in Raleigh (or grab 10 min here: calendly.com/uptisement/30min).

— Adil
P.S. Site I saw: https://roofrevivers.com/raleigh/"
,"Lathrop Contracting, Inc.",Roofing,,,,,(317) 783-6929,https://lathropcontracting.com/,google_maps,new,Indianapolis,IN,40 Google reviews · rank 8,"roofer,icp,estimate-speed","Hey Lathrop Contracting — saw you on Google for roof replacement in Indianapolis (40+ reviews, looks like a real shop).

When homeowner calls 3–4 roofers after hail/leak, first written price wins ~70%. If owner/sales still drives out, climbs, quotes 48 hrs later — you lose $12–15k jobs to whoever replies first.

Offer: I build you an AI estimator (photos → price while you're still on the ladder). DFY. You keep doing roofs.

De-risk: $500 setup, then $50/estimate OR 5–10% of jobs closed through it. If it doesn't replace your estimating bottleneck in 30 days and you used it, refund the setup.

Worth a 10-min look this week?",Lathrop Contracting — first price wins the roof job in Indianapolis,"Subject: Lathrop Contracting — first price wins the roof job in Indianapolis

Hi Lathrop Contracting team,

Found you on Google Maps for residential roof replacement in Indianapolis, IN (40 reviews — solid local proof).

Not pitching ""AI"" or another CRM. Pitching closed jobs.

Problem: storm/leak homeowner shops 3–4 roofers. First written number usually wins. Owner or one sales guy still bottle-necking estimates = slow quotes = lost $12–15k tickets.

Offer (AI Estimator):
• I build + customize a quote tool for your pricing / photos
• Train you in ~30 minutes — done for you
• Goal: price in front of the lead while you're still on site

Pricing (performance, zero case-study needed):
• $500 setup (covers build)
• Then $50 per estimate sent OR 5–10% of jobs closed through the tool
• Guarantee: use it 30 days; if it doesn't replace your estimating bottleneck → setup refunded

You only pay real money when estimates go out / jobs close. I do the build. You keep roofing.

If that math is interesting for Lathrop Contracting, reply YES and I'll send a 10-min Loom configured around residential re-roofs in Indianapolis (or grab 10 min here: calendly.com/uptisement/30min).

— Adil
P.S. Site I saw: https://lathropcontracting.com/"
